Date,Price
03/11/2023,
02/11/2023,
01/11/2023,
31/10/2023,
30/10/2023,
27/10/2023,
26/10/2023,
25/10/2023,
24/10/2023,
23/10/2023,
20/10/2023,
19/10/2023,
18/10/2023,
17/10/2023,
16/10/2023,
13/10/2023,
12/10/2023,
11/10/2023,
10/10/2023,
09/10/2023,
06/10/2023,
05/10/2023,
04/10/2023,
03/10/2023,
02/10/2023,
29/09/2023,
28/09/2023,
27/09/2023,
26/09/2023,
25/09/2023,
22/09/2023,
21/09/2023,
20/09/2023,
19/09/2023,
18/09/2023,
15/09/2023,
14/09/2023,
13/09/2023,
12/09/2023,
11/09/2023,
08/09/2023,
07/09/2023,
06/09/2023,
04/09/2023,
01/09/2023,
31/08/2023,
30/08/2023,
29/08/2023,
28/08/2023,
25/08/2023,
24/08/2023,
23/08/2023,
22/08/2023,
21/08/2023,
18/08/2023,
17/08/2023,
16/08/2023,
15/08/2023,
14/08/2023,
11/08/2023,
10/08/2023,
09/08/2023,
08/08/2023,
07/08/2023,
04/08/2023,
03/08/2023,
02/08/2023,
01/08/2023,
31/07/2023,
28/07/2023,
27/07/2023,
26/07/2023,
25/07/2023,
24/07/2023,
21/07/2023,
20/07/2023,
19/07/2023,
18/07/2023,
17/07/2023,
14/07/2023,
13/07/2023,
12/07/2023,
11/07/2023,
10/07/2023,
07/07/2023,
06/07/2023,
04/07/2023,
03/07/2023,
30/06/2023,
29/06/2023,
28/06/2023,
27/06/2023,
26/06/2023,
23/06/2023,
22/06/2023,
21/06/2023,
19/06/2023,
16/06/2023,
15/06/2023,
14/06/2023,
13/06/2023,
12/06/2023,
09/06/2023,
08/06/2023,
07/06/2023,
06/06/2023,
05/06/2023,
02/06/2023,
01/06/2023,
31/05/2023,
29/05/2023,
26/05/2023,
25/05/2023,
24/05/2023,
23/05/2023,
22/05/2023,
19/05/2023,
18/05/2023,
17/05/2023,
16/05/2023,
15/05/2023,
12/05/2023,
11/05/2023,
10/05/2023,
09/05/2023,
08/05/2023,
05/05/2023,
04/05/2023,
03/05/2023,
02/05/2023,
01/05/2023,
28/04/2023,
27/04/2023,
26/04/2023,
25/04/2023,
24/04/2023,
21/04/2023,
20/04/2023,
19/04/2023,
18/04/2023,
17/04/2023,
14/04/2023,
13/04/2023,
12/04/2023,
11/04/2023,
10/04/2023,
06/04/2023,
05/04/2023,
04/04/2023,
03/04/2023,
31/03/2023,
30/03/2023,
29/03/2023,
28/03/2023,
27/03/2023,
24/03/2023,
23/03/2023,
22/03/2023,
21/03/2023,
20/03/2023,
17/03/2023,
16/03/2023,
15/03/2023,
14/03/2023,
13/03/2023,
10/03/2023,
09/03/2023,
08/03/2023,
07/03/2023,
06/03/2023,
03/03/2023,
02/03/2023,
01/03/2023,
28/02/2023,
27/02/2023,
24/02/2023,
23/02/2023,
22/02/2023,
20/02/2023,
17/02/2023,
16/02/2023,
15/02/2023,
14/02/2023,
13/02/2023,
10/02/2023,
09/02/2023,
08/02/2023,
07/02/2023,
06/02/2023,
03/02/2023,
02/02/2023,
01/02/2023,
31/01/2023,
30/01/2023,
27/01/2023,
26/01/2023,
25/01/2023,
24/01/2023,
23/01/2023,
20/01/2023,
19/01/2023,
18/01/2023,
16/01/2023,
13/01/2023,
12/01/2023,
11/01/2023,
10/01/2023,
09/01/2023,
06/01/2023,
05/01/2023,
04/01/2023,
03/01/2023,
30/12/2022,
29/12/2022,
28/12/2022,
27/12/2022,
23/12/2022,
22/12/2022,
21/12/2022,
20/12/2022,
19/12/2022,
16/12/2022,
15/12/2022,
14/12/2022,
13/12/2022,
12/12/2022,
09/12/2022,
08/12/2022,
07/12/2022,
06/12/2022,
05/12/2022,
02/12/2022,
01/12/2022,
30/11/2022,
29/11/2022,
28/11/2022,
24/11/2022,
23/11/2022,
22/11/2022,
21/11/2022,
18/11/2022,
17/11/2022,
16/11/2022,
15/11/2022,
14/11/2022,
11/11/2022,
10/11/2022,
09/11/2022,
08/11/2022,
07/11/2022,
04/11/2022,
03/11/2022,
02/11/2022,
01/11/2022,
31/10/2022,
28/10/2022,
27/10/2022,
26/10/2022,
25/10/2022,
24/10/2022,
21/10/2022,
20/10/2022,
19/10/2022,
18/10/2022,
17/10/2022,
14/10/2022,
13/10/2022,
12/10/2022,
11/10/2022,
10/10/2022,
07/10/2022,
06/10/2022,
05/10/2022,
04/10/2022,
03/10/2022,
30/09/2022,
29/09/2022,
28/09/2022,
27/09/2022,
26/09/2022,
23/09/2022,
22/09/2022,
21/09/2022,
20/09/2022,
19/09/2022,
16/09/2022,
15/09/2022,
14/09/2022,
13/09/2022,
12/09/2022,
09/09/2022,
08/09/2022,
07/09/2022,
05/09/2022,
02/09/2022,
01/09/2022,
31/08/2022,
30/08/2022,
29/08/2022,
26/08/2022,
25/08/2022,
24/08/2022,
23/08/2022,
22/08/2022,
19/08/2022,
18/08/2022,
17/08/2022,
16/08/2022,
15/08/2022,
12/08/2022,
11/08/2022,
10/08/2022,
09/08/2022,
08/08/2022,
05/08/2022,
04/08/2022,
03/08/2022,
02/08/2022,
01/08/2022,
29/07/2022,
28/07/2022,
27/07/2022,
26/07/2022,
25/07/2022,
22/07/2022,
21/07/2022,
20/07/2022,
19/07/2022,
18/07/2022,
15/07/2022,
14/07/2022,
13/07/2022,
12/07/2022,
11/07/2022,
08/07/2022,
07/07/2022,
06/07/2022,
04/07/2022,
01/07/2022,
30/06/2022,
29/06/2022,
28/06/2022,
27/06/2022,
24/06/2022,
23/06/2022,
22/06/2022,
20/06/2022,
17/06/2022,
16/06/2022,
15/06/2022,
14/06/2022,
13/06/2022,
10/06/2022,
09/06/2022,
08/06/2022,
07/06/2022,
06/06/2022,
03/06/2022,
02/06/2022,
01/06/2022,
30/05/2022,
27/05/2022,
26/05/2022,
25/05/2022,
24/05/2022,
23/05/2022,
20/05/2022,
19/05/2022,
18/05/2022,
17/05/2022,
16/05/2022,
13/05/2022,
12/05/2022,
11/05/2022,
10/05/2022,
09/05/2022,
06/05/2022,
05/05/2022,
04/05/2022,
03/05/2022,
02/05/2022,
29/04/2022,
28/04/2022,
27/04/2022,
26/04/2022,
25/04/2022,
22/04/2022,
21/04/2022,
20/04/2022,
19/04/2022,
18/04/2022,
14/04/2022,
13/04/2022,
12/04/2022,
11/04/2022,
08/04/2022,
07/04/2022,
06/04/2022,
05/04/2022,
04/04/2022,
01/04/2022,
31/03/2022,
30/03/2022,
29/03/2022,
28/03/2022,
25/03/2022,
24/03/2022,
23/03/2022,
22/03/2022,
21/03/2022,
18/03/2022,
17/03/2022,
16/03/2022,
15/03/2022,
14/03/2022,
11/03/2022,
10/03/2022,
09/03/2022,
08/03/2022,
07/03/2022,
04/03/2022,
03/03/2022,
02/03/2022,
01/03/2022,
28/02/2022,
25/02/2022,
24/02/2022,
23/02/2022,
21/02/2022,
18/02/2022,
17/02/2022,
16/02/2022,
15/02/2022,
14/02/2022,
11/02/2022,
10/02/2022,
09/02/2022,
08/02/2022,
07/02/2022,
04/02/2022,
03/02/2022,
02/02/2022,
01/02/2022,
31/01/2022,
28/01/2022,
27/01/2022,
26/01/2022,
25/01/2022,
24/01/2022,
21/01/2022,
20/01/2022,
19/01/2022,
17/01/2022,
14/01/2022,
13/01/2022,
12/01/2022,
11/01/2022,
10/01/2022,
07/01/2022,
06/01/2022,
05/01/2022,
04/01/2022,
03/01/2022,
31/12/2021,
30/12/2021,
29/12/2021,
28/12/2021,
27/12/2021,
23/12/2021,
22/12/2021,
21/12/2021,
20/12/2021,
17/12/2021,
16/12/2021,
15/12/2021,
14/12/2021,
13/12/2021,
10/12/2021,
09/12/2021,
08/12/2021,
07/12/2021,
06/12/2021,
03/12/2021,
02/12/2021,
01/12/2021,
30/11/2021,
29/11/2021,
25/11/2021,
24/11/2021,
23/11/2021,
22/11/2021,
19/11/2021,
18/11/2021,
17/11/2021,
16/11/2021,
15/11/2021,
12/11/2021,
11/11/2021,
10/11/2021,
09/11/2021,
08/11/2021,
05/11/2021,
04/11/2021,
03/11/2021,
02/11/2021,
01/11/2021,
29/10/2021,
28/10/2021,
27/10/2021,
26/10/2021,
25/10/2021,
22/10/2021,
21/10/2021,
20/10/2021,
19/10/2021,
18/10/2021,
15/10/2021,
14/10/2021,
13/10/2021,
12/10/2021,
11/10/2021,
08/10/2021,
07/10/2021,
06/10/2021,
05/10/2021,
04/10/2021,
01/10/2021,
30/09/2021,
29/09/2021,
28/09/2021,
27/09/2021,
24/09/2021,
23/09/2021,
22/09/2021,
21/09/2021,
20/09/2021,
17/09/2021,
16/09/2021,
15/09/2021,
14/09/2021,
13/09/2021,
10/09/2021,
09/09/2021,
08/09/2021,
06/09/2021,
03/09/2021,
02/09/2021,
01/09/2021,
31/08/2021,
30/08/2021,
27/08/2021,
26/08/2021,
25/08/2021,
24/08/2021,
23/08/2021,
20/08/2021,
19/08/2021,
18/08/2021,
17/08/2021,
16/08/2021,
13/08/2021,
12/08/2021,
11/08/2021,
10/08/2021,
09/08/2021,
06/08/2021,
05/08/2021,
04/08/2021,
03/08/2021,
02/08/2021,
30/07/2021,
29/07/2021,
28/07/2021,
27/07/2021,
26/07/2021,
23/07/2021,
22/07/2021,
21/07/2021,
20/07/2021,
19/07/2021,
16/07/2021,
15/07/2021,
14/07/2021,
13/07/2021,
12/07/2021,
09/07/2021,
08/07/2021,
07/07/2021,
05/07/2021,
02/07/2021,
01/07/2021,
30/06/2021,
29/06/2021,
28/06/2021,
25/06/2021,
24/06/2021,
23/06/2021,
22/06/2021,
21/06/2021,
18/06/2021,
17/06/2021,
16/06/2021,
15/06/2021,
14/06/2021,
11/06/2021,
10/06/2021,
09/06/2021,
08/06/2021,
07/06/2021,
04/06/2021,
03/06/2021,
02/06/2021,
31/05/2021,
28/05/2021,
27/05/2021,
26/05/2021,
25/05/2021,
24/05/2021,
21/05/2021,
20/05/2021,
19/05/2021,
18/05/2021,
17/05/2021,
14/05/2021,
13/05/2021,
12/05/2021,
11/05/2021,
10/05/2021,
07/05/2021,
06/05/2021,
05/05/2021,
04/05/2021,
03/05/2021,
30/04/2021,
29/04/2021,
28/04/2021,
27/04/2021,
26/04/2021,
23/04/2021,
22/04/2021,
21/04/2021,
20/04/2021,
19/04/2021,
16/04/2021,
15/04/2021,
14/04/2021,
13/04/2021,
12/04/2021,
09/04/2021,
08/04/2021,
07/04/2021,
06/04/2021,
05/04/2021,
01/04/2021,
31/03/2021,
30/03/2021,
29/03/2021,
26/03/2021,
25/03/2021,
24/03/2021,
23/03/2021,
22/03/2021,
19/03/2021,
18/03/2021,
17/03/2021,
16/03/2021,
15/03/2021,
12/03/2021,
11/03/2021,
10/03/2021,
09/03/2021,
08/03/2021,
05/03/2021,
04/03/2021,
03/03/2021,
02/03/2021,
01/03/2021,
26/02/2021,
25/02/2021,
24/02/2021,
23/02/2021,
22/02/2021,
19/02/2021,
18/02/2021,
17/02/2021,
15/02/2021,
12/02/2021,
11/02/2021,
10/02/2021,
09/02/2021,
08/02/2021,
05/02/2021,
04/02/2021,
03/02/2021,
02/02/2021,
01/02/2021,
29/01/2021,
28/01/2021,
27/01/2021,
26/01/2021,
25/01/2021,
22/01/2021,
21/01/2021,
20/01/2021,
18/01/2021,
15/01/2021,
14/01/2021,
13/01/2021,
12/01/2021,
11/01/2021,
08/01/2021,
07/01/2021,
06/01/2021,
05/01/2021,
04/01/2021,
31/12/2020,
30/12/2020,
29/12/2020,
28/12/2020,
24/12/2020,
23/12/2020,
22/12/2020,
21/12/2020,
18/12/2020,
17/12/2020,
16/12/2020,
15/12/2020,
14/12/2020,
11/12/2020,
10/12/2020,
09/12/2020,
08/12/2020,
07/12/2020,
04/12/2020,
03/12/2020,
02/12/2020,
01/12/2020,
30/11/2020,
26/11/2020,
25/11/2020,
24/11/2020,
23/11/2020,
20/11/2020,
19/11/2020,
18/11/2020,
17/11/2020,
16/11/2020,
13/11/2020,
12/11/2020,
11/11/2020,
10/11/2020,
09/11/2020,
06/11/2020,
05/11/2020,
04/11/2020,
03/11/2020,
02/11/2020,
30/10/2020,
29/10/2020,
28/10/2020,
27/10/2020,
26/10/2020,
23/10/2020,
22/10/2020,
21/10/2020,
20/10/2020,
19/10/2020,
16/10/2020,
15/10/2020,
14/10/2020,
13/10/2020,
12/10/2020,
09/10/2020,
08/10/2020,
07/10/2020,
06/10/2020,
05/10/2020,
02/10/2020,
01/10/2020,
30/09/2020,
29/09/2020,
28/09/2020,
25/09/2020,
24/09/2020,
23/09/2020,
22/09/2020,
21/09/2020,
18/09/2020,
17/09/2020,
16/09/2020,
15/09/2020,
14/09/2020,
11/09/2020,
10/09/2020,
09/09/2020,
07/09/2020,
04/09/2020,
03/09/2020,
02/09/2020,
01/09/2020,
31/08/2020,
28/08/2020,
27/08/2020,
26/08/2020,
25/08/2020,
24/08/2020,
21/08/2020,
20/08/2020,
19/08/2020,
18/08/2020,
17/08/2020,
14/08/2020,
13/08/2020,
12/08/2020,
11/08/2020,
10/08/2020,
07/08/2020,
06/08/2020,
05/08/2020,
04/08/2020,
03/08/2020,
31/07/2020,
30/07/2020,
29/07/2020,
28/07/2020,
27/07/2020,
24/07/2020,
23/07/2020,
22/07/2020,
21/07/2020,
20/07/2020,
17/07/2020,
16/07/2020,
15/07/2020,
14/07/2020,
13/07/2020,
10/07/2020,
09/07/2020,
08/07/2020,
07/07/2020,
03/07/2020,
02/07/2020,
01/07/2020,
30/06/2020,
29/06/2020,
26/06/2020,
25/06/2020,
24/06/2020,
23/06/2020,
22/06/2020,
19/06/2020,
18/06/2020,
17/06/2020,
16/06/2020,
15/06/2020,
12/06/2020,
11/06/2020,
10/06/2020,
09/06/2020,
08/06/2020,
05/06/2020,
04/06/2020,
03/06/2020,
02/06/2020,
01/06/2020,
29/05/2020,
28/05/2020,
27/05/2020,
25/05/2020,
22/05/2020,
21/05/2020,
20/05/2020,
19/05/2020,
18/05/2020,
15/05/2020,
14/05/2020,
13/05/2020,
12/05/2020,
11/05/2020,
08/05/2020,
07/05/2020,
06/05/2020,
05/05/2020,
04/05/2020,
01/05/2020,
30/04/2020,
29/04/2020,
28/04/2020,
27/04/2020,
24/04/2020,
23/04/2020,
22/04/2020,
21/04/2020,
20/04/2020,
17/04/2020,
16/04/2020,
15/04/2020,
14/04/2020,
13/04/2020,
09/04/2020,
08/04/2020,
07/04/2020,
06/04/2020,
03/04/2020,
02/04/2020,
01/04/2020,
31/03/2020,
30/03/2020,
27/03/2020,
26/03/2020,
25/03/2020,
24/03/2020,
23/03/2020,
20/03/2020,
19/03/2020,
18/03/2020,
17/03/2020,
16/03/2020,
13/03/2020,
12/03/2020,
11/03/2020,
10/03/2020,
09/03/2020,
06/03/2020,
05/03/2020,
04/03/2020,
03/03/2020,
02/03/2020,
28/02/2020,
27/02/2020,
26/02/2020,
25/02/2020,
24/02/2020,
21/02/2020,
20/02/2020,
19/02/2020,
17/02/2020,
14/02/2020,
13/02/2020,
12/02/2020,
11/02/2020,
10/02/2020,
07/02/2020,
06/02/2020,
05/02/2020,
04/02/2020,
03/02/2020,
31/01/2020,
30/01/2020,
29/01/2020,
28/01/2020,
27/01/2020,
24/01/2020,
23/01/2020,
22/01/2020,
20/01/2020,
17/01/2020,
16/01/2020,
15/01/2020,
14/01/2020,
13/01/2020,
10/01/2020,
09/01/2020,
08/01/2020,
07/01/2020,
06/01/2020,
03/01/2020,
02/01/2020,
31/12/2019,
30/12/2019,
27/12/2019,
26/12/2019,
24/12/2019,
23/12/2019,
20/12/2019,
19/12/2019,
18/12/2019,
17/12/2019,
16/12/2019,
13/12/2019,
12/12/2019,
11/12/2019,
10/12/2019,
09/12/2019,
06/12/2019,
05/12/2019,
04/12/2019,
03/12/2019,
02/12/2019,
28/11/2019,
27/11/2019,
26/11/2019,
25/11/2019,
22/11/2019,
21/11/2019,
20/11/2019,
19/11/2019,
18/11/2019,
15/11/2019,
14/11/2019,
13/11/2019,
12/11/2019,
11/11/2019,
08/11/2019,
07/11/2019,
06/11/2019,
05/11/2019,
04/11/2019,
01/11/2019,
31/10/2019,
30/10/2019,
29/10/2019,
28/10/2019,
25/10/2019,
24/10/2019,
23/10/2019,
22/10/2019,
21/10/2019,
18/10/2019,
17/10/2019,
16/10/2019,
15/10/2019,
14/10/2019,
11/10/2019,
10/10/2019,
09/10/2019,
08/10/2019,
07/10/2019,
04/10/2019,
03/10/2019,
02/10/2019,
01/10/2019,
30/09/2019,
27/09/2019,
26/09/2019,
25/09/2019,
24/09/2019,
23/09/2019,
20/09/2019,
19/09/2019,
18/09/2019,
17/09/2019,
16/09/2019,
13/09/2019,
12/09/2019,
11/09/2019,
10/09/2019,
09/09/2019,
06/09/2019,
05/09/2019,
04/09/2019,
02/09/2019,
30/08/2019,
29/08/2019,
28/08/2019,
27/08/2019,
26/08/2019,
23/08/2019,
22/08/2019,
21/08/2019,
20/08/2019,
19/08/2019,
16/08/2019,
15/08/2019,
14/08/2019,
13/08/2019,
12/08/2019,
09/08/2019,
08/08/2019,
07/08/2019,
06/08/2019,
05/08/2019,
02/08/2019,
01/08/2019,
31/07/2019,
30/07/2019,
29/07/2019,
26/07/2019,
25/07/2019,
24/07/2019,
23/07/2019,
22/07/2019,
19/07/2019,
18/07/2019,
17/07/2019,
16/07/2019,
15/07/2019,
12/07/2019,
11/07/2019,
10/07/2019,
09/07/2019,
08/07/2019,
04/07/2019,
03/07/2019,
02/07/2019,
01/07/2019,
28/06/2019,
27/06/2019,
26/06/2019,
25/06/2019,
24/06/2019,
21/06/2019,
20/06/2019,
19/06/2019,
18/06/2019,
17/06/2019,
14/06/2019,
13/06/2019,
12/06/2019,
11/06/2019,
10/06/2019,
07/06/2019,
06/06/2019,
05/06/2019,
04/06/2019,
03/06/2019,
31/05/2019,
30/05/2019,
29/05/2019,
27/05/2019,
24/05/2019,
23/05/2019,
22/05/2019,
21/05/2019,
20/05/2019,
17/05/2019,
16/05/2019,
15/05/2019,
14/05/2019,
13/05/2019,
10/05/2019,
09/05/2019,
08/05/2019,
07/05/2019,
06/05/2019,
03/05/2019,
02/05/2019,
01/05/2019,
30/04/2019,
29/04/2019,
26/04/2019,
25/04/2019,
24/04/2019,
23/04/2019,
22/04/2019,
18/04/2019,
17/04/2019,
16/04/2019,
15/04/2019,
12/04/2019,
11/04/2019,
10/04/2019,
09/04/2019,
08/04/2019,
05/04/2019,
04/04/2019,
03/04/2019,
02/04/2019,
01/04/2019,
29/03/2019,
28/03/2019,
27/03/2019,
26/03/2019,
25/03/2019,
22/03/2019,
21/03/2019,
20/03/2019,
19/03/2019,
18/03/2019,
15/03/2019,
14/03/2019,
13/03/2019,
12/03/2019,
11/03/2019,
08/03/2019,
07/03/2019,
06/03/2019,
05/03/2019,
04/03/2019,
01/03/2019,
28/02/2019,
27/02/2019,
26/02/2019,
25/02/2019,
22/02/2019,
21/02/2019,
20/02/2019,
18/02/2019,
15/02/2019,
14/02/2019,
13/02/2019,
12/02/2019,
11/02/2019,
08/02/2019,
07/02/2019,
06/02/2019,
05/02/2019,
04/02/2019,
01/02/2019,
31/01/2019,
30/01/2019,
29/01/2019,
28/01/2019,
25/01/2019,
24/01/2019,
23/01/2019,
21/01/2019,
18/01/2019,
17/01/2019,
16/01/2019,
15/01/2019,
14/01/2019,
11/01/2019,
10/01/2019,
09/01/2019,
08/01/2019,
07/01/2019,
04/01/2019,
03/01/2019,
02/01/2019,
31/12/2018,
28/12/2018,
27/12/2018,
26/12/2018,
24/12/2018,
21/12/2018,
20/12/2018,
19/12/2018,
18/12/2018,
17/12/2018,
14/12/2018,
13/12/2018,
12/12/2018,
11/12/2018,
10/12/2018,
07/12/2018,
06/12/2018,
05/12/2018,
04/12/2018,
03/12/2018,
30/11/2018,
29/11/2018,
28/11/2018,
27/11/2018,
26/11/2018,
22/11/2018,
21/11/2018,
20/11/2018,
19/11/2018,
16/11/2018,
15/11/2018,
14/11/2018,
13/11/2018,
12/11/2018,
09/11/2018,
08/11/2018,
07/11/2018,
06/11/2018,
05/11/2018,
02/11/2018,
01/11/2018,
31/10/2018,
30/10/2018,
29/10/2018,
26/10/2018,
25/10/2018,
24/10/2018,
23/10/2018,
22/10/2018,
19/10/2018,
18/10/2018,
17/10/2018,
16/10/2018,
15/10/2018,
12/10/2018,
11/10/2018,
10/10/2018,
09/10/2018,
08/10/2018,
05/10/2018,
04/10/2018,
03/10/2018,
02/10/2018,
01/10/2018,
28/09/2018,
27/09/2018,
26/09/2018,
25/09/2018,
24/09/2018,
21/09/2018,
20/09/2018,
19/09/2018,
18/09/2018,
17/09/2018,
14/09/2018,
13/09/2018,
12/09/2018,
11/09/2018,
10/09/2018,
07/09/2018,
06/09/2018,
05/09/2018,
03/09/2018,
31/08/2018,
30/08/2018,
29/08/2018,
28/08/2018,
27/08/2018,
24/08/2018,
23/08/2018,
22/08/2018,
21/08/2018,
20/08/2018,
17/08/2018,
16/08/2018,
15/08/2018,
14/08/2018,
13/08/2018,
10/08/2018,
09/08/2018,
08/08/2018,
07/08/2018,
06/08/2018,
03/08/2018,
02/08/2018,
01/08/2018,
31/07/2018,
30/07/2018,
27/07/2018,
26/07/2018,
25/07/2018,
24/07/2018,
23/07/2018,
20/07/2018,
19/07/2018,
18/07/2018,
17/07/2018,
16/07/2018,
13/07/2018,
12/07/2018,
11/07/2018,
10/07/2018,
09/07/2018,
06/07/2018,
04/07/2018,
03/07/2018,
02/07/2018,
29/06/2018,
28/06/2018,
27/06/2018,
26/06/2018,
25/06/2018,
22/06/2018,
21/06/2018,
20/06/2018,
19/06/2018,
18/06/2018,
15/06/2018,
14/06/2018,
13/06/2018,
12/06/2018,
11/06/2018,
08/06/2018,
07/06/2018,
06/06/2018,
05/06/2018,
04/06/2018,
01/06/2018,
31/05/2018,
30/05/2018,
28/05/2018,
25/05/2018,
24/05/2018,
23/05/2018,
22/05/2018,
21/05/2018,
18/05/2018,
17/05/2018,
16/05/2018,
15/05/2018,
14/05/2018,
11/05/2018,
10/05/2018,
09/05/2018,
08/05/2018,
07/05/2018,
04/05/2018,
03/05/2018,
02/05/2018,
01/05/2018,
30/04/2018,
27/04/2018,
26/04/2018,
25/04/2018,
24/04/2018,
23/04/2018,
20/04/2018,
19/04/2018,
18/04/2018,
17/04/2018,
16/04/2018,
13/04/2018,
12/04/2018,
11/04/2018,
10/04/2018,
09/04/2018,
06/04/2018,
05/04/2018,
04/04/2018,
03/04/2018,
02/04/2018,
29/03/2018,
28/03/2018,
27/03/2018,
26/03/2018,
23/03/2018,
22/03/2018,
21/03/2018,
20/03/2018,
19/03/2018,
16/03/2018,
15/03/2018,
14/03/2018,
13/03/2018,
12/03/2018,
09/03/2018,
08/03/2018,
07/03/2018,
06/03/2018,
05/03/2018,
02/03/2018,
01/03/2018,
28/02/2018,
27/02/2018,
26/02/2018,
23/02/2018,
22/02/2018,
21/02/2018,
19/02/2018,
16/02/2018,
15/02/2018,
14/02/2018,
13/02/2018,
12/02/2018,
09/02/2018,
08/02/2018,
07/02/2018,
06/02/2018,
05/02/2018,
02/02/2018,
01/02/2018,
31/01/2018,
30/01/2018,
29/01/2018,
26/01/2018,
25/01/2018,
24/01/2018,
23/01/2018,
22/01/2018,
19/01/2018,
18/01/2018,
17/01/2018,
15/01/2018,
12/01/2018,
11/01/2018,
10/01/2018,
09/01/2018,
08/01/2018,
05/01/2018,
04/01/2018,
03/01/2018,
02/01/2018,
29/12/2017,
28/12/2017,
27/12/2017,
26/12/2017,
22/12/2017,
21/12/2017,
20/12/2017,
19/12/2017,
18/12/2017,
15/12/2017,
14/12/2017,
13/12/2017,
12/12/2017,
11/12/2017,
08/12/2017,
07/12/2017,
06/12/2017,
05/12/2017,
04/12/2017,
01/12/2017,
30/11/2017,
29/11/2017,
28/11/2017,
27/11/2017,
23/11/2017,
22/11/2017,
21/11/2017,
20/11/2017,
17/11/2017,
16/11/2017,
15/11/2017,
14/11/2017,
13/11/2017,
10/11/2017,
09/11/2017,
08/11/2017,
07/11/2017,
06/11/2017,
03/11/2017,
02/11/2017,
01/11/2017,
31/10/2017,
30/10/2017,
27/10/2017,
26/10/2017,
25/10/2017,
24/10/2017,
23/10/2017,
20/10/2017,
19/10/2017,
18/10/2017,
17/10/2017,
16/10/2017,
13/10/2017,
12/10/2017,
11/10/2017,
10/10/2017,
09/10/2017,
06/10/2017,
05/10/2017,
04/10/2017,
03/10/2017,
02/10/2017,
29/09/2017,
28/09/2017,
27/09/2017,
26/09/2017,
25/09/2017,
22/09/2017,
21/09/2017,
20/09/2017,
19/09/2017,
18/09/2017,
15/09/2017,
14/09/2017,
13/09/2017,
12/09/2017,
11/09/2017,
08/09/2017,
07/09/2017,
06/09/2017,
04/09/2017,
01/09/2017,
31/08/2017,
30/08/2017,
29/08/2017,
28/08/2017,
25/08/2017,
24/08/2017,
23/08/2017,
22/08/2017,
21/08/2017,
18/08/2017,
17/08/2017,
16/08/2017,
15/08/2017,
14/08/2017,
11/08/2017,
10/08/2017,
09/08/2017,
08/08/2017,
07/08/2017,
04/08/2017,
03/08/2017,
02/08/2017,
01/08/2017,
31/07/2017,
28/07/2017,
27/07/2017,
26/07/2017,
25/07/2017,
24/07/2017,
21/07/2017,
20/07/2017,
19/07/2017,
18/07/2017,
17/07/2017,
14/07/2017,
13/07/2017,
12/07/2017,
11/07/2017,
10/07/2017,
07/07/2017,
06/07/2017,
04/07/2017,
03/07/2017,
30/06/2017,
29/06/2017,
28/06/2017,
27/06/2017,
26/06/2017,
23/06/2017,
22/06/2017,
21/06/2017,
20/06/2017,
19/06/2017,
16/06/2017,
15/06/2017,
14/06/2017,
13/06/2017,
12/06/2017,
09/06/2017,
08/06/2017,
07/06/2017,
06/06/2017,
05/06/2017,
02/06/2017,
01/06/2017,
31/05/2017,
29/05/2017,
26/05/2017,
25/05/2017,
24/05/2017,
23/05/2017,
22/05/2017,
19/05/2017,
18/05/2017,
17/05/2017,
16/05/2017,
15/05/2017,
12/05/2017,
11/05/2017,
10/05/2017,
09/05/2017,
08/05/2017,
05/05/2017,
04/05/2017,
03/05/2017,
02/05/2017,
01/05/2017,
28/04/2017,
27/04/2017,
26/04/2017,
25/04/2017,
24/04/2017,
21/04/2017,
20/04/2017,
19/04/2017,
18/04/2017,
17/04/2017,
13/04/2017,
12/04/2017,
11/04/2017,
10/04/2017,
07/04/2017,
06/04/2017,
05/04/2017,
04/04/2017,
03/04/2017,
31/03/2017,
30/03/2017,
29/03/2017,
28/03/2017,
27/03/2017,
24/03/2017,
23/03/2017,
22/03/2017,
21/03/2017,
20/03/2017,
17/03/2017,
16/03/2017,
15/03/2017,
14/03/2017,
13/03/2017,
10/03/2017,
09/03/2017,
08/03/2017,
07/03/2017,
06/03/2017,
03/03/2017,
02/03/2017,
01/03/2017,
28/02/2017,
27/02/2017,
24/02/2017,
23/02/2017,
22/02/2017,
20/02/2017,
17/02/2017,
16/02/2017,
15/02/2017,
14/02/2017,
13/02/2017,
10/02/2017,
09/02/2017,
08/02/2017,
07/02/2017,
06/02/2017,
03/02/2017,
02/02/2017,
01/02/2017,
31/01/2017,
30/01/2017,
27/01/2017,
26/01/2017,
25/01/2017,
24/01/2017,
23/01/2017,
20/01/2017,
19/01/2017,
18/01/2017,
16/01/2017,
13/01/2017,
12/01/2017,
11/01/2017,
10/01/2017,
09/01/2017,
06/01/2017,
05/01/2017,
04/01/2017,
03/01/2017,
30/12/2016,
29/12/2016,
28/12/2016,
27/12/2016,
23/12/2016,
22/12/2016,
21/12/2016,
20/12/2016,
19/12/2016,
16/12/2016,
15/12/2016,
14/12/2016,
13/12/2016,
12/12/2016,
09/12/2016,
08/12/2016,
07/12/2016,
06/12/2016,
05/12/2016,
02/12/2016,
01/12/2016,
30/11/2016,
29/11/2016,
28/11/2016,
24/11/2016,
23/11/2016,
22/11/2016,
21/11/2016,
18/11/2016,
17/11/2016,
16/11/2016,
15/11/2016,
14/11/2016,
11/11/2016,
10/11/2016,
09/11/2016,
08/11/2016,
07/11/2016,
04/11/2016,
03/11/2016,
02/11/2016,
01/11/2016,
31/10/2016,
28/10/2016,
27/10/2016,
26/10/2016,
25/10/2016,
24/10/2016,
21/10/2016,
20/10/2016,
19/10/2016,
18/10/2016,
17/10/2016,
14/10/2016,
13/10/2016,
12/10/2016,
11/10/2016,
10/10/2016,
07/10/2016,
06/10/2016,
05/10/2016,
04/10/2016,
03/10/2016,
30/09/2016,
29/09/2016,
28/09/2016,
27/09/2016,
26/09/2016,
23/09/2016,
22/09/2016,
21/09/2016,
20/09/2016,
19/09/2016,
16/09/2016,
15/09/2016,
14/09/2016,
13/09/2016,
12/09/2016,
09/09/2016,
08/09/2016,
07/09/2016,
05/09/2016,
02/09/2016,
01/09/2016,
31/08/2016,
30/08/2016,
29/08/2016,
26/08/2016,
25/08/2016,
24/08/2016,
23/08/2016,
22/08/2016,
19/08/2016,
18/08/2016,
17/08/2016,
16/08/2016,
15/08/2016,
12/08/2016,
11/08/2016,
10/08/2016,
09/08/2016,
08/08/2016,
05/08/2016,
04/08/2016,
03/08/2016,
02/08/2016,
01/08/2016,
29/07/2016,
28/07/2016,
27/07/2016,
26/07/2016,
25/07/2016,
22/07/2016,
21/07/2016,
20/07/2016,
19/07/2016,
18/07/2016,
15/07/2016,
14/07/2016,
13/07/2016,
12/07/2016,
11/07/2016,
08/07/2016,
07/07/2016,
06/07/2016,
04/07/2016,
01/07/2016,
30/06/2016,
29/06/2016,
28/06/2016,
27/06/2016,
24/06/2016,
23/06/2016,
22/06/2016,
21/06/2016,
20/06/2016,
17/06/2016,
16/06/2016,
15/06/2016,
14/06/2016,
13/06/2016,
10/06/2016,
09/06/2016,
08/06/2016,
07/06/2016,
06/06/2016,
03/06/2016,
02/06/2016,
01/06/2016,
30/05/2016,
27/05/2016,
26/05/2016,
25/05/2016,
24/05/2016,
23/05/2016,
20/05/2016,
19/05/2016,
18/05/2016,
17/05/2016,
16/05/2016,
13/05/2016,
12/05/2016,
11/05/2016,
10/05/2016,
09/05/2016,
06/05/2016,
05/05/2016,
04/05/2016,
03/05/2016,
02/05/2016,
29/04/2016,
28/04/2016,
27/04/2016,
26/04/2016,
25/04/2016,
22/04/2016,
21/04/2016,
20/04/2016,
19/04/2016,
18/04/2016,
15/04/2016,
14/04/2016,
13/04/2016,
12/04/2016,
11/04/2016,
08/04/2016,
07/04/2016,
06/04/2016,
05/04/2016,
04/04/2016,
01/04/2016,
31/03/2016,
30/03/2016,
29/03/2016,
28/03/2016,
24/03/2016,
23/03/2016,
22/03/2016,
21/03/2016,
18/03/2016,
17/03/2016,
16/03/2016,
15/03/2016,
14/03/2016,
11/03/2016,
10/03/2016,
09/03/2016,
08/03/2016,
07/03/2016,
04/03/2016,
03/03/2016,
02/03/2016,
01/03/2016,
29/02/2016,
26/02/2016,
25/02/2016,
24/02/2016,
23/02/2016,
22/02/2016,
19/02/2016,
18/02/2016,
17/02/2016,
15/02/2016,
12/02/2016,
11/02/2016,
10/02/2016,
09/02/2016,
08/02/2016,
05/02/2016,
04/02/2016,
03/02/2016,
02/02/2016,
01/02/2016,
29/01/2016,
28/01/2016,
27/01/2016,
26/01/2016,
25/01/2016,
22/01/2016,
21/01/2016,
20/01/2016,
18/01/2016,
15/01/2016,
14/01/2016,
13/01/2016,
12/01/2016,
11/01/2016,
08/01/2016,
07/01/2016,
06/01/2016,
05/01/2016,
04/01/2016,
31/12/2015,
30/12/2015,
29/12/2015,
28/12/2015,
24/12/2015,
23/12/2015,
22/12/2015,
21/12/2015,
18/12/2015,
17/12/2015,
16/12/2015,
15/12/2015,
14/12/2015,
11/12/2015,
10/12/2015,
09/12/2015,
08/12/2015,
07/12/2015,
04/12/2015,
03/12/2015,
02/12/2015,
01/12/2015,
30/11/2015,
26/11/2015,
25/11/2015,
24/11/2015,
23/11/2015,
20/11/2015,
19/11/2015,
18/11/2015,
17/11/2015,
16/11/2015,
13/11/2015,
12/11/2015,
11/11/2015,
10/11/2015,
09/11/2015,
06/11/2015,
05/11/2015,
04/11/2015,
03/11/2015,
02/11/2015,
30/10/2015,
29/10/2015,
28/10/2015,
27/10/2015,
26/10/2015,
23/10/2015,
22/10/2015,
21/10/2015,
20/10/2015,
19/10/2015,
16/10/2015,
15/10/2015,
14/10/2015,
13/10/2015,
12/10/2015,
09/10/2015,
08/10/2015,
07/10/2015,
06/10/2015,
05/10/2015,
02/10/2015,
01/10/2015,
30/09/2015,
29/09/2015,
28/09/2015,
25/09/2015,
24/09/2015,
23/09/2015,
22/09/2015,
21/09/2015,
18/09/2015,
17/09/2015,
16/09/2015,
15/09/2015,
14/09/2015,
11/09/2015,
10/09/2015,
09/09/2015,
07/09/2015,
04/09/2015,
03/09/2015,
02/09/2015,
01/09/2015,
31/08/2015,
28/08/2015,
27/08/2015,
26/08/2015,
25/08/2015,
24/08/2015,
21/08/2015,
20/08/2015,
19/08/2015,
18/08/2015,
17/08/2015,
14/08/2015,
13/08/2015,
12/08/2015,
11/08/2015,
10/08/2015,
07/08/2015,
06/08/2015,
05/08/2015,
04/08/2015,
03/08/2015,
31/07/2015,
30/07/2015,
29/07/2015,
28/07/2015,
27/07/2015,
24/07/2015,
23/07/2015,
22/07/2015,
21/07/2015,
20/07/2015,
17/07/2015,
16/07/2015,
15/07/2015,
14/07/2015,
13/07/2015,
10/07/2015,
09/07/2015,
08/07/2015,
07/07/2015,
03/07/2015,
02/07/2015,
01/07/2015,
30/06/2015,
29/06/2015,
26/06/2015,
25/06/2015,
24/06/2015,
23/06/2015,
22/06/2015,
19/06/2015,
18/06/2015,
17/06/2015,
16/06/2015,
15/06/2015,
12/06/2015,
11/06/2015,
10/06/2015,
09/06/2015,
08/06/2015,
05/06/2015,
04/06/2015,
03/06/2015,
02/06/2015,
01/06/2015,
29/05/2015,
28/05/2015,
27/05/2015,
25/05/2015,
22/05/2015,
21/05/2015,
20/05/2015,
19/05/2015,
18/05/2015,
15/05/2015,
14/05/2015,
13/05/2015,
12/05/2015,
11/05/2015,
08/05/2015,
07/05/2015,
06/05/2015,
05/05/2015,
04/05/2015,
01/05/2015,
30/04/2015,
29/04/2015,
28/04/2015,
27/04/2015,
24/04/2015,
23/04/2015,
22/04/2015,
21/04/2015,
20/04/2015,
17/04/2015,
16/04/2015,
15/04/2015,
14/04/2015,
13/04/2015,
10/04/2015,
09/04/2015,
08/04/2015,
07/04/2015,
06/04/2015,
02/04/2015,
01/04/2015,
31/03/2015,
30/03/2015,
27/03/2015,
26/03/2015,
25/03/2015,
24/03/2015,
23/03/2015,
20/03/2015,
19/03/2015,
18/03/2015,
17/03/2015,
16/03/2015,
13/03/2015,
12/03/2015,
11/03/2015,
10/03/2015,
09/03/2015,
06/03/2015,
05/03/2015,
04/03/2015,
03/03/2015,
02/03/2015,
27/02/2015,
26/02/2015,
25/02/2015,
24/02/2015,
23/02/2015,
20/02/2015,
19/02/2015,
18/02/2015,
16/02/2015,
13/02/2015,
12/02/2015,
11/02/2015,
10/02/2015,
09/02/2015,
06/02/2015,
05/02/2015,
04/02/2015,
03/02/2015,
02/02/2015,
30/01/2015,
29/01/2015,
28/01/2015,
27/01/2015,
26/01/2015,
23/01/2015,
22/01/2015,
21/01/2015,
19/01/2015,
16/01/2015,
15/01/2015,
14/01/2015,
13/01/2015,
12/01/2015,
09/01/2015,
08/01/2015,
07/01/2015,
06/01/2015,
05/01/2015,
02/01/2015,
31/12/2014,
30/12/2014,
29/12/2014,
26/12/2014,
24/12/2014,
23/12/2014,
22/12/2014,
19/12/2014,
18/12/2014,
17/12/2014,
16/12/2014,
15/12/2014,
12/12/2014,
11/12/2014,
10/12/2014,
09/12/2014,
08/12/2014,
05/12/2014,
04/12/2014,
03/12/2014,
02/12/2014,
01/12/2014,
27/11/2014,
26/11/2014,
25/11/2014,
24/11/2014,
21/11/2014,
20/11/2014,
19/11/2014,
18/11/2014,
17/11/2014,
14/11/2014,
13/11/2014,
12/11/2014,
11/11/2014,
10/11/2014,
07/11/2014,
06/11/2014,
05/11/2014,
04/11/2014,
03/11/2014,
31/10/2014,
30/10/2014,
29/10/2014,
28/10/2014,
27/10/2014,
24/10/2014,
23/10/2014,
22/10/2014,
21/10/2014,
20/10/2014,
17/10/2014,
16/10/2014,
15/10/2014,
14/10/2014,
13/10/2014,
10/10/2014,
09/10/2014,
08/10/2014,
07/10/2014,
06/10/2014,
03/10/2014,
02/10/2014,
01/10/2014,
30/09/2014,
29/09/2014,
26/09/2014,
25/09/2014,
24/09/2014,
23/09/2014,
22/09/2014,
19/09/2014,
18/09/2014,
17/09/2014,
16/09/2014,
15/09/2014,
12/09/2014,
11/09/2014,
10/09/2014,
09/09/2014,
08/09/2014,
05/09/2014,
04/09/2014,
03/09/2014,
01/09/2014,
29/08/2014,
28/08/2014,
27/08/2014,
26/08/2014,
25/08/2014,
22/08/2014,
21/08/2014,
20/08/2014,
19/08/2014,
18/08/2014,
15/08/2014,
14/08/2014,
13/08/2014,
12/08/2014,
11/08/2014,
08/08/2014,
07/08/2014,
06/08/2014,
05/08/2014,
04/08/2014,
01/08/2014,
31/07/2014,
30/07/2014,
29/07/2014,
28/07/2014,
25/07/2014,
24/07/2014,
23/07/2014,
22/07/2014,
21/07/2014,
18/07/2014,
17/07/2014,
16/07/2014,
15/07/2014,
14/07/2014,
11/07/2014,
10/07/2014,
09/07/2014,
08/07/2014,
04/07/2014,
03/07/2014,
02/07/2014,
01/07/2014,
30/06/2014,
27/06/2014,
26/06/2014,
25/06/2014,
24/06/2014,
23/06/2014,
20/06/2014,
19/06/2014,
18/06/2014,
17/06/2014,
16/06/2014,
13/06/2014,
12/06/2014,
11/06/2014,
10/06/2014,
09/06/2014,
06/06/2014,
05/06/2014,
04/06/2014,
03/06/2014,
02/06/2014,
30/05/2014,
29/05/2014,
28/05/2014,
26/05/2014,
23/05/2014,
22/05/2014,
21/05/2014,
20/05/2014,
19/05/2014,
16/05/2014,
15/05/2014,
14/05/2014,
13/05/2014,
12/05/2014,
09/05/2014,
08/05/2014,
07/05/2014,
06/05/2014,
05/05/2014,
02/05/2014,
01/05/2014,
30/04/2014,
29/04/2014,
28/04/2014,
25/04/2014,
24/04/2014,
23/04/2014,
22/04/2014,
21/04/2014,
17/04/2014,
16/04/2014,
15/04/2014,
14/04/2014,
11/04/2014,
10/04/2014,
09/04/2014,
08/04/2014,
07/04/2014,
04/04/2014,
03/04/2014,
02/04/2014,
01/04/2014,
31/03/2014,
28/03/2014,
27/03/2014,
26/03/2014,
25/03/2014,
24/03/2014,
21/03/2014,
20/03/2014,
19/03/2014,
18/03/2014,
17/03/2014,
14/03/2014,
13/03/2014,
12/03/2014,
11/03/2014,
10/03/2014,
07/03/2014,
06/03/2014,
05/03/2014,
04/03/2014,
03/03/2014,
28/02/2014,
27/02/2014,
26/02/2014,
25/02/2014,
24/02/2014,
21/02/2014,
20/02/2014,
19/02/2014,
17/02/2014,
14/02/2014,
13/02/2014,
12/02/2014,
11/02/2014,
10/02/2014,
07/02/2014,
06/02/2014,
05/02/2014,
04/02/2014,
03/02/2014,
31/01/2014,
30/01/2014,
29/01/2014,
28/01/2014,
27/01/2014,
24/01/2014,
23/01/2014,
22/01/2014,
20/01/2014,
17/01/2014,
16/01/2014,
15/01/2014,
14/01/2014,
13/01/2014,
10/01/2014,
09/01/2014,
08/01/2014,
07/01/2014,
06/01/2014,
03/01/2014,
02/01/2014,
31/12/2013,
30/12/2013,
27/12/2013,
26/12/2013,
24/12/2013,
23/12/2013,
20/12/2013,
19/12/2013,
18/12/2013,
17/12/2013,
16/12/2013,
13/12/2013,
12/12/2013,
11/12/2013,
10/12/2013,
09/12/2013,
06/12/2013,
05/12/2013,
04/12/2013,
03/12/2013,
02/12/2013,
28/11/2013,
27/11/2013,
26/11/2013,
25/11/2013,
22/11/2013,
21/11/2013,
20/11/2013,
19/11/2013,
18/11/2013,
15/11/2013,
14/11/2013,
13/11/2013,
12/11/2013,
11/11/2013,
08/11/2013,
07/11/2013,
06/11/2013,
05/11/2013,
04/11/2013,
01/11/2013,
31/10/2013,
30/10/2013,
29/10/2013,
28/10/2013,
25/10/2013,
24/10/2013,
23/10/2013,
22/10/2013,
21/10/2013,
18/10/2013,
17/10/2013,
16/10/2013,
15/10/2013,
14/10/2013,
11/10/2013,
10/10/2013,
09/10/2013,
08/10/2013,
07/10/2013,
04/10/2013,
03/10/2013,
02/10/2013,
01/10/2013,
30/09/2013,
27/09/2013,
26/09/2013,
25/09/2013,
24/09/2013,
23/09/2013,
20/09/2013,
19/09/2013,
18/09/2013,
17/09/2013,
16/09/2013,
13/09/2013,
12/09/2013,
11/09/2013,
10/09/2013,
09/09/2013,
06/09/2013,
05/09/2013,
04/09/2013,
02/09/2013,
29/08/2013,
28/08/2013,
27/08/2013,
26/08/2013,
23/08/2013,
22/08/2013,
21/08/2013,
20/08/2013,
19/08/2013,
16/08/2013,
15/08/2013,
14/08/2013,
13/08/2013,
12/08/2013,
09/08/2013,
08/08/2013,
07/08/2013,
06/08/2013,
05/08/2013,
02/08/2013,
01/08/2013,
31/07/2013,
30/07/2013,
29/07/2013,
26/07/2013,
25/07/2013,
24/07/2013,
23/07/2013,
22/07/2013,
19/07/2013,
18/07/2013,
17/07/2013,
16/07/2013,
15/07/2013,
12/07/2013,
11/07/2013,
10/07/2013,
09/07/2013,
08/07/2013,
04/07/2013,
03/07/2013,
02/07/2013,
01/07/2013,
28/06/2013,
27/06/2013,
26/06/2013,
25/06/2013,
24/06/2013,
21/06/2013,
20/06/2013,
19/06/2013,
18/06/2013,
17/06/2013,
14/06/2013,
13/06/2013,
12/06/2013,
11/06/2013,
10/06/2013,
07/06/2013,
06/06/2013,
05/06/2013,
04/06/2013,
03/06/2013,
31/05/2013,
30/05/2013,
29/05/2013,
27/05/2013,
24/05/2013,
23/05/2013,
22/05/2013,
21/05/2013,
20/05/2013,
17/05/2013,
16/05/2013,
15/05/2013,
14/05/2013,
13/05/2013,
10/05/2013,
09/05/2013,
08/05/2013,
07/05/2013,
06/05/2013,
03/05/2013,
02/05/2013,
01/05/2013,
30/04/2013,
29/04/2013,
26/04/2013,
25/04/2013,
24/04/2013,
23/04/2013,
22/04/2013,
19/04/2013,
18/04/2013,
17/04/2013,
16/04/2013,
15/04/2013,
12/04/2013,
11/04/2013,
10/04/2013,
09/04/2013,
08/04/2013,
05/04/2013,
04/04/2013,
03/04/2013,
02/04/2013,
01/04/2013,
28/03/2013,
27/03/2013,
26/03/2013,
25/03/2013,
22/03/2013,
21/03/2013,
20/03/2013,
19/03/2013,
18/03/2013,
15/03/2013,
14/03/2013,
13/03/2013,
12/03/2013,
11/03/2013,
08/03/2013,
07/03/2013,
06/03/2013,
05/03/2013,
04/03/2013,
01/03/2013,
28/02/2013,
27/02/2013,
26/02/2013,
25/02/2013,
22/02/2013,
21/02/2013,
20/02/2013,
18/02/2013,
15/02/2013,
14/02/2013,
13/02/2013,
12/02/2013,
11/02/2013,
08/02/2013,
07/02/2013,
06/02/2013,
05/02/2013,
04/02/2013,
01/02/2013,
31/01/2013,
30/01/2013,
29/01/2013,
28/01/2013,
25/01/2013,
24/01/2013,
23/01/2013,
21/01/2013,
18/01/2013,
17/01/2013,
16/01/2013,
15/01/2013,
14/01/2013,
11/01/2013,
10/01/2013,
09/01/2013,
08/01/2013,
07/01/2013,
04/01/2013,
03/01/2013,
02/01/2013,
31/12/2012,
28/12/2012,
27/12/2012,
26/12/2012,
24/12/2012,
21/12/2012,
20/12/2012,
19/12/2012,
18/12/2012,
17/12/2012,
14/12/2012,
13/12/2012,
12/12/2012,
11/12/2012,
10/12/2012,
07/12/2012,
06/12/2012,
05/12/2012,
04/12/2012,
03/12/2012,
30/11/2012,
29/11/2012,
28/11/2012,
27/11/2012,
26/11/2012,
22/11/2012,
21/11/2012,
20/11/2012,
19/11/2012,
16/11/2012,
15/11/2012,
14/11/2012,
13/11/2012,
12/11/2012,
09/11/2012,
08/11/2012,
07/11/2012,
06/11/2012,
05/11/2012,
02/11/2012,
01/11/2012,
31/10/2012,
30/10/2012,
29/10/2012,
26/10/2012,
25/10/2012,
24/10/2012,
23/10/2012,
22/10/2012,
19/10/2012,
18/10/2012,
17/10/2012,
16/10/2012,
15/10/2012,
12/10/2012,
11/10/2012,
10/10/2012,
09/10/2012,
08/10/2012,
05/10/2012,
04/10/2012,
03/10/2012,
02/10/2012,
01/10/2012,
28/09/2012,
27/09/2012,
26/09/2012,
25/09/2012,
24/09/2012,
21/09/2012,
20/09/2012,
19/09/2012,
18/09/2012,
17/09/2012,
14/09/2012,
13/09/2012,
12/09/2012,
11/09/2012,
10/09/2012,
07/09/2012,
06/09/2012,
05/09/2012,
03/09/2012,
31/08/2012,
30/08/2012,
29/08/2012,
28/08/2012,
27/08/2012,
24/08/2012,
23/08/2012,
22/08/2012,
21/08/2012,
20/08/2012,
17/08/2012,
16/08/2012,
15/08/2012,
14/08/2012,
13/08/2012,
10/08/2012,
09/08/2012,
08/08/2012,
07/08/2012,
06/08/2012,
03/08/2012,
02/08/2012,
01/08/2012,
31/07/2012,
30/07/2012,
27/07/2012,
26/07/2012,
25/07/2012,
24/07/2012,
23/07/2012,
20/07/2012,
19/07/2012,
18/07/2012,
17/07/2012,
16/07/2012,
13/07/2012,
12/07/2012,
11/07/2012,
10/07/2012,
09/07/2012,
06/07/2012,
04/07/2012,
03/07/2012,
02/07/2012,
29/06/2012,
28/06/2012,
27/06/2012,
26/06/2012,
25/06/2012,
22/06/2012,
21/06/2012,
20/06/2012,
19/06/2012,
18/06/2012,
15/06/2012,
14/06/2012,
13/06/2012,
12/06/2012,
11/06/2012,
08/06/2012,
07/06/2012,
06/06/2012,
05/06/2012,
04/06/2012,
01/06/2012,
31/05/2012,
30/05/2012,
28/05/2012,
25/05/2012,
24/05/2012,
23/05/2012,
22/05/2012,
21/05/2012,
18/05/2012,
17/05/2012,
16/05/2012,
15/05/2012,
14/05/2012,
11/05/2012,
10/05/2012,
09/05/2012,
08/05/2012,
07/05/2012,
04/05/2012,
03/05/2012,
02/05/2012,
01/05/2012,
30/04/2012,
27/04/2012,
26/04/2012,
25/04/2012,
24/04/2012,
23/04/2012,
20/04/2012,
19/04/2012,
18/04/2012,
17/04/2012,
16/04/2012,
13/04/2012,
12/04/2012,
11/04/2012,
10/04/2012,
09/04/2012,
05/04/2012,
04/04/2012,
03/04/2012,
02/04/2012,
30/03/2012,
29/03/2012,
28/03/2012,
27/03/2012,
26/03/2012,
23/03/2012,
22/03/2012,
21/03/2012,
20/03/2012,
19/03/2012,
16/03/2012,
15/03/2012,
14/03/2012,
13/03/2012,
12/03/2012,
09/03/2012,
08/03/2012,
07/03/2012,
06/03/2012,
05/03/2012,
02/03/2012,
01/03/2012,
29/02/2012,
28/02/2012,
27/02/2012,
24/02/2012,
23/02/2012,
22/02/2012,
20/02/2012,
17/02/2012,
16/02/2012,
15/02/2012,
14/02/2012,
13/02/2012,
10/02/2012,
09/02/2012,
08/02/2012,
07/02/2012,
06/02/2012,
03/02/2012,
02/02/2012,
01/02/2012,
31/01/2012,
30/01/2012,
27/01/2012,
26/01/2012,
25/01/2012,
24/01/2012,
23/01/2012,
20/01/2012,
19/01/2012,
18/01/2012,
16/01/2012,
13/01/2012,
12/01/2012,
11/01/2012,
10/01/2012,
09/01/2012,
06/01/2012,
05/01/2012,
04/01/2012,
03/01/2012,
30/12/2011,
29/12/2011,
28/12/2011,
27/12/2011,
23/12/2011,
22/12/2011,
21/12/2011,
20/12/2011,
19/12/2011,
16/12/2011,
15/12/2011,
14/12/2011,
13/12/2011,
12/12/2011,
09/12/2011,
08/12/2011,
07/12/2011,
06/12/2011,
05/12/2011,
02/12/2011,
01/12/2011,
30/11/2011,
29/11/2011,
28/11/2011,
24/11/2011,
23/11/2011,
22/11/2011,
21/11/2011,
18/11/2011,
17/11/2011,
16/11/2011,
15/11/2011,
14/11/2011,
11/11/2011,
10/11/2011,
09/11/2011,
08/11/2011,
07/11/2011,
04/11/2011,
03/11/2011,
02/11/2011,
01/11/2011,
31/10/2011,
28/10/2011,
27/10/2011,
26/10/2011,
25/10/2011,
24/10/2011,
21/10/2011,
20/10/2011,
19/10/2011,
18/10/2011,
17/10/2011,
14/10/2011,
13/10/2011,
12/10/2011,
11/10/2011,
10/10/2011,
07/10/2011,
06/10/2011,
05/10/2011,
04/10/2011,
03/10/2011,
30/09/2011,
29/09/2011,
28/09/2011,
27/09/2011,
26/09/2011,
23/09/2011,
22/09/2011,
21/09/2011,
20/09/2011,
19/09/2011,
16/09/2011,
15/09/2011,
14/09/2011,
13/09/2011,
12/09/2011,
09/09/2011,
08/09/2011,
07/09/2011,
05/09/2011,
02/09/2011,
01/09/2011,
31/08/2011,
30/08/2011,
29/08/2011,
26/08/2011,
25/08/2011,
24/08/2011,
23/08/2011,
22/08/2011,
19/08/2011,
18/08/2011,
17/08/2011,
16/08/2011,
15/08/2011,
12/08/2011,
11/08/2011,
10/08/2011,
09/08/2011,
08/08/2011,
05/08/2011,
04/08/2011,
03/08/2011,
02/08/2011,
01/08/2011,
29/07/2011,
28/07/2011,
27/07/2011,
26/07/2011,
25/07/2011,
22/07/2011,
21/07/2011,
20/07/2011,
19/07/2011,
18/07/2011,
15/07/2011,
14/07/2011,
13/07/2011,
12/07/2011,
11/07/2011,
08/07/2011,
07/07/2011,
06/07/2011,
04/07/2011,
01/07/2011,
30/06/2011,
29/06/2011,
28/06/2011,
27/06/2011,
24/06/2011,
23/06/2011,
22/06/2011,
21/06/2011,
20/06/2011,
17/06/2011,
16/06/2011,
15/06/2011,
14/06/2011,
13/06/2011,
10/06/2011,
09/06/2011,
08/06/2011,
07/06/2011,
06/06/2011,
03/06/2011,
02/06/2011,
01/06/2011,
30/05/2011,
27/05/2011,
26/05/2011,
25/05/2011,
24/05/2011,
23/05/2011,
20/05/2011,
19/05/2011,
18/05/2011,
17/05/2011,
16/05/2011,
13/05/2011,
12/05/2011,
11/05/2011,
10/05/2011,
09/05/2011,
06/05/2011,
05/05/2011,
04/05/2011,
03/05/2011,
02/05/2011,
29/04/2011,
28/04/2011,
27/04/2011,
26/04/2011,
25/04/2011,
21/04/2011,
20/04/2011,
19/04/2011,
18/04/2011,
15/04/2011,
14/04/2011,
13/04/2011,
12/04/2011,
11/04/2011,
08/04/2011,
07/04/2011,
06/04/2011,
05/04/2011,
04/04/2011,
01/04/2011,
31/03/2011,
30/03/2011,
29/03/2011,
28/03/2011,
25/03/2011,
24/03/2011,
23/03/2011,
22/03/2011,
21/03/2011,
18/03/2011,
17/03/2011,
16/03/2011,
15/03/2011,
14/03/2011,
11/03/2011,
10/03/2011,
09/03/2011,
08/03/2011,
07/03/2011,
04/03/2011,
03/03/2011,
02/03/2011,
01/03/2011,
28/02/2011,
25/02/2011,
24/02/2011,
23/02/2011,
21/02/2011,
18/02/2011,
17/02/2011,
16/02/2011,
15/02/2011,
14/02/2011,
11/02/2011,
10/02/2011,
09/02/2011,
08/02/2011,
07/02/2011,
04/02/2011,
03/02/2011,
02/02/2011,
01/02/2011,
31/01/2011,
28/01/2011,
27/01/2011,
26/01/2011,
25/01/2011,
24/01/2011,
21/01/2011,
20/01/2011,
19/01/2011,
17/01/2011,
14/01/2011,
13/01/2011,
12/01/2011,
11/01/2011,
10/01/2011,
07/01/2011,
06/01/2011,
05/01/2011,
04/01/2011,
03/01/2011,
31/12/2010,
30/12/2010,
29/12/2010,
28/12/2010,
27/12/2010,
23/12/2010,
22/12/2010,
21/12/2010,
20/12/2010,
17/12/2010,
16/12/2010,
15/12/2010,
14/12/2010,
13/12/2010,
10/12/2010,
09/12/2010,
08/12/2010,
07/12/2010,
06/12/2010,
03/12/2010,
02/12/2010,
01/12/2010,
30/11/2010,
29/11/2010,
25/11/2010,
24/11/2010,
23/11/2010,
22/11/2010,
19/11/2010,
18/11/2010,
17/11/2010,
16/11/2010,
15/11/2010,
12/11/2010,
11/11/2010,
10/11/2010,
09/11/2010,
08/11/2010,
05/11/2010,
04/11/2010,
03/11/2010,
02/11/2010,
01/11/2010,
29/10/2010,
28/10/2010,
27/10/2010,
26/10/2010,
25/10/2010,
22/10/2010,
21/10/2010,
20/10/2010,
19/10/2010,
18/10/2010,
15/10/2010,
14/10/2010,
13/10/2010,
12/10/2010,
11/10/2010,
08/10/2010,
07/10/2010,
06/10/2010,
05/10/2010,
04/10/2010,
01/10/2010,
30/09/2010,
29/09/2010,
28/09/2010,
27/09/2010,
24/09/2010,
23/09/2010,
22/09/2010,
21/09/2010,
20/09/2010,
17/09/2010,
16/09/2010,
15/09/2010,
14/09/2010,
13/09/2010,
10/09/2010,
09/09/2010,
08/09/2010,
06/09/2010,
03/09/2010,
02/09/2010,
01/09/2010,
31/08/2010,
30/08/2010,
27/08/2010,
26/08/2010,
25/08/2010,
24/08/2010,
23/08/2010,
20/08/2010,
19/08/2010,
18/08/2010,
17/08/2010,
16/08/2010,
13/08/2010,
12/08/2010,
11/08/2010,
10/08/2010,
09/08/2010,
06/08/2010,
05/08/2010,
04/08/2010,
03/08/2010,
02/08/2010,
30/07/2010,
29/07/2010,
28/07/2010,
27/07/2010,
26/07/2010,
23/07/2010,
22/07/2010,
21/07/2010,
20/07/2010,
19/07/2010,
16/07/2010,
15/07/2010,
14/07/2010,
13/07/2010,
12/07/2010,
09/07/2010,
08/07/2010,
07/07/2010,
05/07/2010,
02/07/2010,
01/07/2010,
30/06/2010,
29/06/2010,
28/06/2010,
25/06/2010,
24/06/2010,
23/06/2010,
22/06/2010,
21/06/2010,
18/06/2010,
17/06/2010,
16/06/2010,
15/06/2010,
14/06/2010,
11/06/2010,
10/06/2010,
09/06/2010,
08/06/2010,
07/06/2010,
04/06/2010,
03/06/2010,
02/06/2010,
31/05/2010,
28/05/2010,
27/05/2010,
26/05/2010,
25/05/2010,
24/05/2010,
21/05/2010,
20/05/2010,
19/05/2010,
18/05/2010,
17/05/2010,
14/05/2010,
13/05/2010,
12/05/2010,
11/05/2010,
10/05/2010,
07/05/2010,
06/05/2010,
05/05/2010,
04/05/2010,
03/05/2010,
30/04/2010,
29/04/2010,
28/04/2010,
27/04/2010,
26/04/2010,
23/04/2010,
22/04/2010,
21/04/2010,
20/04/2010,
19/04/2010,
16/04/2010,
15/04/2010,
14/04/2010,
13/04/2010,
12/04/2010,
09/04/2010,
08/04/2010,
07/04/2010,
06/04/2010,
05/04/2010,
01/04/2010,
31/03/2010,
30/03/2010,
29/03/2010,
26/03/2010,
25/03/2010,
24/03/2010,
23/03/2010,
22/03/2010,
19/03/2010,
18/03/2010,
17/03/2010,
16/03/2010,
15/03/2010,
12/03/2010,
11/03/2010,
10/03/2010,
09/03/2010,
08/03/2010,
05/03/2010,
04/03/2010,
03/03/2010,
02/03/2010,
01/03/2010,
26/02/2010,
25/02/2010,
24/02/2010,
23/02/2010,
22/02/2010,
19/02/2010,
18/02/2010,
17/02/2010,
15/02/2010,
12/02/2010,
11/02/2010,
10/02/2010,
09/02/2010,
08/02/2010,
05/02/2010,
04/02/2010,
03/02/2010,
02/02/2010,
01/02/2010,
29/01/2010,
28/01/2010,
27/01/2010,
26/01/2010,
25/01/2010,
22/01/2010,
21/01/2010,
20/01/2010,
18/01/2010,
15/01/2010,
14/01/2010,
13/01/2010,
12/01/2010,
11/01/2010,
08/01/2010,
07/01/2010,
06/01/2010,
05/01/2010,
04/01/2010,
31/12/2009,
30/12/2009,
29/12/2009,
28/12/2009,
24/12/2009,
23/12/2009,
22/12/2009,
21/12/2009,
18/12/2009,
17/12/2009,
16/12/2009,
15/12/2009,
14/12/2009,
11/12/2009,
10/12/2009,
09/12/2009,
08/12/2009,
07/12/2009,
04/12/2009,
03/12/2009,
02/12/2009,
01/12/2009,
30/11/2009,
26/11/2009,
25/11/2009,
24/11/2009,
23/11/2009,
20/11/2009,
19/11/2009,
18/11/2009,
17/11/2009,
16/11/2009,
13/11/2009,
12/11/2009,
11/11/2009,
10/11/2009,
09/11/2009,
06/11/2009,
05/11/2009,
04/11/2009,
03/11/2009,
02/11/2009,
30/10/2009,
29/10/2009,
28/10/2009,
27/10/2009,
26/10/2009,
23/10/2009,
22/10/2009,
21/10/2009,
20/10/2009,
19/10/2009,
16/10/2009,
15/10/2009,
14/10/2009,
13/10/2009,
12/10/2009,
09/10/2009,
08/10/2009,
07/10/2009,
06/10/2009,
05/10/2009,
02/10/2009,
01/10/2009,
30/09/2009,
29/09/2009,994.4
28/09/2009,994.1
25/09/2009,991.6
24/09/2009,998.9
23/09/2009,
22/09/2009,
21/09/2009,
18/09/2009,
17/09/2009,
16/09/2009,
15/09/2009,
14/09/2009,
11/09/2009,
10/09/2009,996.8
09/09/2009,997.1
07/09/2009,999.8
04/09/2009,996.7
03/09/2009,997.7
02/09/2009,978.5
01/09/2009,956.5
31/08/2009,953.5
28/08/2009,958.8
27/08/2009,947.3
26/08/2009,945.8
25/08/2009,946.0
24/08/2009,943.7
21/08/2009,954.7
20/08/2009,941.7
19/08/2009,944.8
18/08/2009,939.2
17/08/2009,935.8
14/08/2009,948.7
13/08/2009,956.5
12/08/2009,952.5
11/08/2009,947.6
10/08/2009,946.9
07/08/2009,959.5
06/08/2009,962.9
05/08/2009,966.3
04/08/2009,969.7
03/08/2009,958.8
31/07/2009,955.8
30/07/2009,937.3
29/07/2009,927.2
28/07/2009,939.1
27/07/2009,953.5
24/07/2009,953.1
23/07/2009,954.8
22/07/2009,953.3
21/07/2009,946.9
20/07/2009,948.8
17/07/2009,937.5
16/07/2009,935.4
15/07/2009,939.4
14/07/2009,922.8
13/07/2009,922.5
10/07/2009,912.5
09/07/2009,916.2
08/07/2009,909.3
07/07/2009,929.1
03/07/2009,924.3
02/07/2009,931.0
01/07/2009,941.3
30/06/2009,927.4
29/06/2009,940.7
26/06/2009,941.0
25/06/2009,939.5
24/06/2009,934.4
23/06/2009,924.3
22/06/2009,921.0
19/06/2009,936.2
18/06/2009,934.6
17/06/2009,936.0
16/06/2009,932.2
15/06/2009,927.5
12/06/2009,940.7
11/06/2009,962.0
10/06/2009,954.7
09/06/2009,954.7
08/06/2009,952.5
05/06/2009,962.6
04/06/2009,982.3
03/06/2009,965.6
02/06/2009,984.4
01/06/2009,980.0
29/05/2009,980.3
28/05/2009,963.2
27/05/2009,953.3
25/05/2009,953.3
22/05/2009,958.9
21/05/2009,951.2
20/05/2009,937.4
19/05/2009,926.7
18/05/2009,921.7
15/05/2009,931.3
14/05/2009,928.4
13/05/2009,925.9
12/05/2009,923.9
11/05/2009,913.5
08/05/2009,914.9
07/05/2009,915.5
06/05/2009,911.0
05/05/2009,904.3
04/05/2009,902.2
01/05/2009,888.2
30/04/2009,891.2
29/04/2009,900.5
28/04/2009,893.6
27/04/2009,908.2
24/04/2009,914.1
23/04/2009,906.6
22/04/2009,892.5
21/04/2009,882.7
20/04/2009,887.5
17/04/2009,867.9
16/04/2009,879.8
15/04/2009,893.5
14/04/2009,892.0
13/04/2009,895.8
09/04/2009,883.3
08/04/2009,885.9
07/04/2009,883.3
06/04/2009,872.8
03/04/2009,897.3
02/04/2009,908.9
01/04/2009,927.7
31/03/2009,925.0
30/03/2009,917.7
27/03/2009,923.2
26/03/2009,940.0
25/03/2009,935.8
24/03/2009,923.8
23/03/2009,952.5
20/03/2009,956.2
19/03/2009,958.8
18/03/2009,889.1
17/03/2009,916.8
16/03/2009,922.0
13/03/2009,930.1
12/03/2009,924.0
11/03/2009,910.7
10/03/2009,895.9
09/03/2009,918.0
06/03/2009,942.7
05/03/2009,927.8
04/03/2009,906.7
03/03/2009,913.6
02/03/2009,940.0
27/02/2009,942.5
26/02/2009,942.6
25/02/2009,966.2
24/02/2009,969.5
23/02/2009,995.0
20/02/2009,
19/02/2009,976.5
18/02/2009,978.2
16/02/2009,967.5
13/02/2009,942.2
12/02/2009,949.2
11/02/2009,944.5
10/02/2009,914.2
09/02/2009,892.8
06/02/2009,914.3
05/02/2009,914.2
04/02/2009,902.2
03/02/2009,892.5
02/02/2009,907.2
30/01/2009,928.4
29/01/2009,906.5
28/01/2009,888.2
27/01/2009,899.5
26/01/2009,908.8
23/01/2009,895.8
22/01/2009,858.8
21/01/2009,850.1
19/01/2009,855.2
16/01/2009,839.9
15/01/2009,807.3
14/01/2009,808.8
13/01/2009,820.7
12/01/2009,821.0
09/01/2009,855.0
08/01/2009,854.5
07/01/2009,841.7
06/01/2009,866.0
05/01/2009,857.8
02/01/2009,879.5
31/12/2008,884.3
30/12/2008,870.0
29/12/2008,875.3
26/12/2008,871.2
24/12/2008,848.0
23/12/2008,838.1
22/12/2008,847.2
19/12/2008,837.4
18/12/2008,860.6
17/12/2008,868.5
16/12/2008,842.7
15/12/2008,836.5
12/12/2008,820.5
11/12/2008,826.6
10/12/2008,808.8
09/12/2008,774.2
08/12/2008,769.3
05/12/2008,752.2
04/12/2008,765.5
03/12/2008,770.5
02/12/2008,783.3
01/12/2008,776.8
28/11/2008,819.0
26/11/2008,808.5
25/11/2008,818.5
24/11/2008,819.5
21/11/2008,791.8
20/11/2008,748.7
19/11/2008,736.0
18/11/2008,732.7
17/11/2008,742.0
14/11/2008,742.5
13/11/2008,705.0
12/11/2008,718.3
11/11/2008,732.8
10/11/2008,746.5
07/11/2008,734.2
06/11/2008,732.2
05/11/2008,742.4
04/11/2008,757.3
03/11/2008,726.8
31/10/2008,718.2
30/10/2008,738.5
29/10/2008,754.0
28/10/2008,740.5
27/10/2008,742.9
24/10/2008,730.3
23/10/2008,714.7
22/10/2008,735.2
21/10/2008,768.0
20/10/2008,790.0
17/10/2008,787.7
16/10/2008,804.5
15/10/2008,839.0
14/10/2008,839.5
13/10/2008,842.5
10/10/2008,859.0
09/10/2008,886.5
08/10/2008,906.5
07/10/2008,882.0
06/10/2008,866.2
03/10/2008,833.2
02/10/2008,844.3
01/10/2008,887.3
30/09/2008,880.8
29/09/2008,894.4
26/09/2008,888.5
25/09/2008,882.0
24/09/2008,895.0
23/09/2008,891.2
22/09/2008,909.0
19/09/2008,864.7
18/09/2008,897.0
17/09/2008,850.5
16/09/2008,780.5
15/09/2008,787.0
12/09/2008,764.5
11/09/2008,745.5
10/09/2008,762.5
09/09/2008,792.0
08/09/2008,802.5
05/09/2008,802.8
04/09/2008,803.2
03/09/2008,808.2
02/09/2008,810.5
29/08/2008,835.2
28/08/2008,837.2
27/08/2008,834.0
26/08/2008,828.1
25/08/2008,825.7
22/08/2008,833.5
21/08/2008,839.0
20/08/2008,816.3
19/08/2008,816.8
18/08/2008,805.7
15/08/2008,792.1
14/08/2008,814.5
13/08/2008,831.5
12/08/2008,814.6
11/08/2008,828.3
08/08/2008,864.8
07/08/2008,877.9
06/08/2008,883.0
05/08/2008,886.1
04/08/2008,907.9
01/08/2008,917.5
31/07/2008,922.7
30/07/2008,912.3
29/07/2008,916.5
28/07/2008,927.7
25/07/2008,926.8
24/07/2008,922.3
23/07/2008,922.8
22/07/2008,948.5
21/07/2008,963.7
18/07/2008,958.0
17/07/2008,970.7
16/07/2008,962.7
15/07/2008,978.7
14/07/2008,973.7
11/07/2008,960.6
10/07/2008,942.0
09/07/2008,928.6
08/07/2008,923.3
07/07/2008,928.8
04/07/2008,935.7
03/07/2008,933.6
02/07/2008,946.5
01/07/2008,944.5
30/06/2008,928.3
27/06/2008,931.3
26/06/2008,915.1
25/06/2008,882.3
24/06/2008,891.6
23/06/2008,887.2
20/06/2008,903.7
19/06/2008,904.2
18/06/2008,893.5
17/06/2008,886.9
16/06/2008,886.3
13/06/2008,873.1
12/06/2008,872.0
11/06/2008,882.9
10/06/2008,871.2
09/06/2008,898.1
06/06/2008,899.0
05/06/2008,875.5
04/06/2008,883.8
03/06/2008,885.5
02/06/2008,897.0
30/05/2008,891.5
29/05/2008,881.7
28/05/2008,900.5
27/05/2008,907.9
26/05/2008,929.0
23/05/2008,925.8
22/05/2008,918.3
21/05/2008,928.6
20/05/2008,920.2
19/05/2008,905.8
16/05/2008,899.9
15/05/2008,880.0
14/05/2008,866.5
13/05/2008,869.6
12/05/2008,884.9
09/05/2008,885.8
08/05/2008,882.1
07/05/2008,871.2
06/05/2008,877.7
05/05/2008,874.1
02/05/2008,858.0
01/05/2008,850.9
30/04/2008,865.1
29/04/2008,876.8
28/04/2008,895.5
25/04/2008,889.7
24/04/2008,889.4
23/04/2008,909.0
22/04/2008,925.2
21/04/2008,917.6
18/04/2008,915.2
17/04/2008,942.9
16/04/2008,948.3
15/04/2008,932.0
14/04/2008,928.7
11/04/2008,927.0
10/04/2008,931.8
09/04/2008,937.5
08/04/2008,918.0
07/04/2008,926.8
04/04/2008,913.2
03/04/2008,909.6
02/04/2008,900.2
01/04/2008,887.8
31/03/2008,921.5
28/03/2008,936.5
27/03/2008,948.8
26/03/2008,949.2
25/03/2008,935.0
24/03/2008,918.7
20/03/2008,920.0
19/03/2008,945.3
18/03/2008,
17/03/2008,
14/03/2008,999.5
13/03/2008,993.8
12/03/2008,980.5
11/03/2008,976.0
10/03/2008,971.8
07/03/2008,974.2
06/03/2008,977.1
05/03/2008,988.5
04/03/2008,966.3
03/03/2008,984.2
29/02/2008,975.0
28/02/2008,967.5
27/02/2008,961.0
26/02/2008,948.9
25/02/2008,940.5
22/02/2008,947.8
21/02/2008,949.2
20/02/2008,937.8
19/02/2008,929.8
15/02/2008,906.1
14/02/2008,910.8
13/02/2008,910.2
12/02/2008,911.1
11/02/2008,926.7
08/02/2008,922.3
07/02/2008,910.0
06/02/2008,905.0
05/02/2008,890.3
04/02/2008,909.4
01/02/2008,913.5
31/01/2008,928.0
30/01/2008,926.3
29/01/2008,925.1
28/01/2008,927.1
25/01/2008,910.7
24/01/2008,905.8
23/01/2008,883.1
22/01/2008,890.3
18/01/2008,881.7
17/01/2008,880.5
16/01/2008,882.0
15/01/2008,902.6
14/01/2008,903.4
11/01/2008,897.7
10/01/2008,893.6
09/01/2008,881.7
08/01/2008,880.3
07/01/2008,862.0
04/01/2008,865.7
03/01/2008,869.1
02/01/2008,860.0
31/12/2007,838.0
28/12/2007,842.7
27/12/2007,831.8
26/12/2007,829.5
24/12/2007,816.5
21/12/2007,815.4
20/12/2007,803.2
19/12/2007,805.4
18/12/2007,807.4
17/12/2007,799.3
14/12/2007,798.0
13/12/2007,804.0
12/12/2007,818.8
11/12/2007,817.1
10/12/2007,813.5
07/12/2007,800.2
06/12/2007,807.1
05/12/2007,803.7
04/12/2007,807.6
03/12/2007,794.7
30/11/2007,789.1
29/11/2007,802.3
28/11/2007,800.3
27/11/2007,814.0
26/11/2007,826.5
23/11/2007,824.7
22/11/2007,804.0
21/11/2007,798.6
20/11/2007,791.4
19/11/2007,778.0
16/11/2007,787.0
15/11/2007,787.3
14/11/2007,814.7
13/11/2007,799.0
12/11/2007,807.7
09/11/2007,834.7
08/11/2007,837.5
07/11/2007,833.5
06/11/2007,823.4
05/11/2007,810.8
02/11/2007,808.5
01/11/2007,793.7
31/10/2007,795.3
30/10/2007,787.8
29/10/2007,792.6
26/10/2007,787.5
25/10/2007,771.0
24/10/2007,765.6
23/10/2007,763.1
22/10/2007,760.0
19/10/2007,768.4
18/10/2007,768.7
17/10/2007,762.3
16/10/2007,762.0
15/10/2007,762.2
12/10/2007,753.8
11/10/2007,756.7
10/10/2007,746.0
09/10/2007,743.1
08/10/2007,738.7
05/10/2007,747.2
04/10/2007,743.8
03/10/2007,735.7
02/10/2007,736.3
01/10/2007,754.1
28/09/2007,750.0
27/09/2007,739.9
26/09/2007,735.5
25/09/2007,738.8
24/09/2007,739.3
21/09/2007,738.9
20/09/2007,739.9
19/09/2007,729.5
18/09/2007,723.7
17/09/2007,723.8
14/09/2007,717.8
13/09/2007,717.9
12/09/2007,720.7
11/09/2007,721.1
10/09/2007,712.2
07/09/2007,709.7
06/09/2007,704.6
05/09/2007,690.7
04/09/2007,691.5
03/09/2007,680.9
31/08/2007,681.9
30/08/2007,673.9
29/08/2007,675.4
28/08/2007,673.5
27/08/2007,676.2
24/08/2007,677.5
23/08/2007,668.4
22/08/2007,668.7
21/08/2007,666.2
20/08/2007,666.5
17/08/2007,666.8
16/08/2007,658.0
15/08/2007,679.7
14/08/2007,679.7
13/08/2007,680.9
10/08/2007,681.6
09/08/2007,672.8
08/08/2007,686.3
07/08/2007,682.3
06/08/2007,683.3
03/08/2007,684.4
02/08/2007,676.6
01/08/2007,675.9
31/07/2007,679.3
30/07/2007,676.6
27/07/2007,660.1
26/07/2007,662.8
25/07/2007,673.8
24/07/2007,684.8
23/07/2007,681.5
20/07/2007,684.7
19/07/2007,678.1
18/07/2007,673.7
17/07/2007,665.9
16/07/2007,666.3
13/07/2007,667.3
12/07/2007,668.3
11/07/2007,662.1
10/07/2007,664.4
09/07/2007,662.5
06/07/2007,654.8
05/07/2007,650.6
04/07/2007,656.3
03/07/2007,655.4
02/07/2007,659.2
29/06/2007,650.9
28/06/2007,650.4
27/06/2007,644.8
26/06/2007,645.3
25/06/2007,654.7
22/06/2007,657.0
21/06/2007,654.2
20/06/2007,660.0
19/06/2007,664.7
18/06/2007,659.9
15/06/2007,658.7
14/06/2007,655.9
13/06/2007,652.7
12/06/2007,653.1
11/06/2007,659.0
08/06/2007,650.3
07/06/2007,665.2
06/06/2007,674.6
05/06/2007,675.1
04/06/2007,676.3
01/06/2007,676.9
31/05/2007,666.7
30/05/2007,659.3
29/05/2007,657.2
25/05/2007,655.3
24/05/2007,653.3
23/05/2007,662.6
22/05/2007,659.9
21/05/2007,663.8
18/05/2007,662.0
17/05/2007,657.2
16/05/2007,661.5
15/05/2007,674.5
14/05/2007,670.1
11/05/2007,672.3
10/05/2007,667.0
09/05/2007,682.5
08/05/2007,687.4
07/05/2007,690.4
04/05/2007,689.7
03/05/2007,684.4
02/05/2007,675.1
01/05/2007,677.3
30/04/2007,683.5
27/04/2007,681.8
26/04/2007,678.0
25/04/2007,687.4
24/04/2007,687.7
23/04/2007,694.2
20/04/2007,695.8
19/04/2007,688.3
18/04/2007,693.3
17/04/2007,692.5
16/04/2007,694.5
13/04/2007,689.9
12/04/2007,679.7
11/04/2007,681.7
10/04/2007,681.5
09/04/2007,676.9
05/04/2007,679.4
04/04/2007,677.4
03/04/2007,669.7
02/04/2007,671.5
30/03/2007,669.0
29/03/2007,667.6
28/03/2007,666.8
27/03/2007,662.5
26/03/2007,663.9
23/03/2007,657.3
22/03/2007,664.2
21/03/2007,660.0
20/03/2007,659.0
19/03/2007,654.3
16/03/2007,653.9
15/03/2007,647.1
14/03/2007,642.5
13/03/2007,649.4
12/03/2007,650.3
09/03/2007,652.0
08/03/2007,655.5
07/03/2007,652.9
06/03/2007,646.2
05/03/2007,639.2
02/03/2007,644.1
01/03/2007,665.1
28/02/2007,672.5
27/02/2007,687.2
26/02/2007,689.8
23/02/2007,686.7
22/02/2007,683.0
21/02/2007,684.0
20/02/2007,661.0
19/02/2007,674.3
16/02/2007,672.8
15/02/2007,671.4
14/02/2007,672.0
13/02/2007,668.5
12/02/2007,667.3
09/02/2007,672.3
08/02/2007,662.8
07/02/2007,657.3
06/02/2007,658.7
05/02/2007,656.1
02/02/2007,651.5
01/02/2007,663.0
31/01/2007,657.9
30/01/2007,650.2
29/01/2007,643.2
26/01/2007,644.7
25/01/2007,648.1
24/01/2007,648.2
23/01/2007,645.9
22/01/2007,634.1
19/01/2007,636.4
18/01/2007,628.1
17/01/2007,633.3
16/01/2007,625.9
12/01/2007,626.9
11/01/2007,613.9
10/01/2007,613.4
09/01/2007,615.0
08/01/2007,609.4
05/01/2007,606.9
04/01/2007,626.2
03/01/2007,629.8
02/01/2007,638.0
29/12/2006,638.0
28/12/2006,636.9
27/12/2006,630.3
26/12/2006,626.9
22/12/2006,622.3
21/12/2006,621.6
20/12/2006,624.3
19/12/2006,625.4
18/12/2006,617.9
15/12/2006,619.1
14/12/2006,630.9
13/12/2006,632.4
12/12/2006,631.7
11/12/2006,634.8
08/12/2006,631.0
07/12/2006,637.0
06/12/2006,635.9
05/12/2006,647.9
04/12/2006,650.9
01/12/2006,650.6
30/11/2006,652.9
29/11/2006,641.8
28/11/2006,637.3
27/11/2006,640.6
24/11/2006,629.0
22/11/2006,629.0
21/11/2006,628.7
20/11/2006,622.1
17/11/2006,622.5
16/11/2006,621.7
15/11/2006,623.8
14/11/2006,625.3
13/11/2006,625.8
10/11/2006,630.1
09/11/2006,636.8
08/11/2006,618.3
07/11/2006,627.9
06/11/2006,627.9
03/11/2006,629.2
02/11/2006,627.8
01/11/2006,619.3
31/10/2006,606.8
30/10/2006,607.4
27/10/2006,601.0
26/10/2006,599.8
25/10/2006,590.8
24/10/2006,587.6
23/10/2006,582.9
20/10/2006,596.4
19/10/2006,602.5
18/10/2006,592.6
17/10/2006,593.5
16/10/2006,598.5
13/10/2006,592.7
12/10/2006,580.3
11/10/2006,576.5
10/10/2006,576.2
09/10/2006,582.8
06/10/2006,576.8
05/10/2006,575.5
04/10/2006,566.7
03/10/2006,581.5
02/10/2006,603.3
29/09/2006,604.2
28/09/2006,610.9
27/09/2006,603.3
26/09/2006,597.1
25/09/2006,595.9
22/09/2006,595.4
21/09/2006,588.3
20/09/2006,586.2
19/09/2006,583.2
18/09/2006,592.8
15/09/2006,583.0
14/09/2006,586.0
13/09/2006,596.3
12/09/2006,594.3
11/09/2006,597.3
08/09/2006,617.3
07/09/2006,624.9
06/09/2006,641.8
05/09/2006,646.9
01/09/2006,632.6
31/08/2006,634.2
30/08/2006,626.1
29/08/2006,619.1
28/08/2006,623.9
25/08/2006,630.8
24/08/2006,628.5
23/08/2006,633.0
22/08/2006,634.0
21/08/2006,635.2
18/08/2006,621.7
17/08/2006,625.3
16/08/2006,639.0
15/08/2006,632.9
14/08/2006,639.3
11/08/2006,644.4
10/08/2006,646.0
09/08/2006,662.0
08/08/2006,657.3
07/08/2006,659.5
04/08/2006,656.0
03/08/2006,657.0
02/08/2006,664.1
01/08/2006,658.8
31/07/2006,646.8
28/07/2006,647.8
27/07/2006,632.5
26/07/2006,621.9
25/07/2006,618.0
24/07/2006,613.2
21/07/2006,620.2
20/07/2006,632.5
19/07/2006,642.8
18/07/2006,629.5
17/07/2006,651.9
14/07/2006,668.0
13/07/2006,654.4
12/07/2006,651.2
11/07/2006,642.9
10/07/2006,626.1
07/07/2006,634.8
06/07/2006,636.3
05/07/2006,629.7
30/06/2006,616.0
29/06/2006,588.9
28/06/2006,581.0
27/06/2006,584.4
26/06/2006,587.7
23/06/2006,588.0
22/06/2006,585.4
21/06/2006,591.0
20/06/2006,580.5
19/06/2006,572.4
16/06/2006,581.7
15/06/2006,570.3
14/06/2006,566.5
13/06/2006,566.8
12/06/2006,611.3
09/06/2006,612.8
08/06/2006,613.8
07/06/2006,632.6
06/06/2006,634.7
05/06/2006,648.7
02/06/2006,641.0
01/06/2006,633.5
31/05/2006,649.0
30/05/2006,660.5
26/05/2006,651.0
25/05/2006,648.5
24/05/2006,637.5
23/05/2006,673.7
22/05/2006,657.7
19/05/2006,657.0
18/05/2006,680.9
17/05/2006,691.8
16/05/2006,692.9
15/05/2006,685.0
12/05/2006,711.8
11/05/2006,721.5
10/05/2006,705.7
09/05/2006,701.5
08/05/2006,679.9
05/05/2006,684.3
04/05/2006,676.5
03/05/2006,668.5
02/05/2006,667.4
01/05/2006,660.2
28/04/2006,654.5
27/04/2006,636.3
26/04/2006,642.0
25/04/2006,634.2
24/04/2006,623.9
21/04/2006,635.5
20/04/2006,623.1
19/04/2006,636.0
18/04/2006,623.3
17/04/2006,618.8
13/04/2006,600.1
12/04/2006,601.3
11/04/2006,599.4
10/04/2006,601.8
07/04/2006,592.7
06/04/2006,599.7
05/04/2006,592.5
04/04/2006,590.6
03/04/2006,594.3
31/03/2006,586.7
30/03/2006,591.8
29/03/2006,573.3
28/03/2006,567.0
27/03/2006,567.4
24/03/2006,560.5
23/03/2006,550.8
22/03/2006,551.7
21/03/2006,553.2
20/03/2006,556.1
17/03/2006,555.1
16/03/2006,555.4
15/03/2006,554.4
14/03/2006,553.0
13/03/2006,547.5
10/03/2006,541.3
09/03/2006,547.0
08/03/2006,544.3
07/03/2006,554.5
06/03/2006,556.8
03/03/2006,568.0
02/03/2006,570.4
01/03/2006,565.8
28/02/2006,563.9
27/02/2006,557.0
24/02/2006,561.2
23/02/2006,550.9
22/02/2006,556.6
21/02/2006,556.6
17/02/2006,554.6
16/02/2006,548.8
15/02/2006,542.7
14/02/2006,548.9
13/02/2006,542.1
10/02/2006,553.5
09/02/2006,568.1
08/02/2006,553.8
07/02/2006,554.8
06/02/2006,574.3
03/02/2006,571.6
02/02/2006,576.8
01/02/2006,574.0
31/01/2006,575.5
30/01/2006,570.6
27/01/2006,558.8
26/01/2006,559.9
25/01/2006,562.5
24/01/2006,558.1
23/01/2006,558.7
20/01/2006,554.0
19/01/2006,559.0
18/01/2006,544.5
17/01/2006,554.3
13/01/2006,557.0
12/01/2006,549.3
11/01/2006,550.1
10/01/2006,545.7
09/01/2006,550.5
06/01/2006,541.2
05/01/2006,527.8
04/01/2006,535.6
03/01/2006,532.5
30/12/2005,519.7
29/12/2005,517.5
28/12/2005,516.3
27/12/2005,510.1
23/12/2005,505.2
22/12/2005,505.0
21/12/2005,495.3
20/12/2005,497.0
19/12/2005,506.1
16/12/2005,505.9
15/12/2005,506.6
14/12/2005,509.5
13/12/2005,524.1
12/12/2005,531.5
09/12/2005,530.2
08/12/2005,522.7
07/12/2005,517.8
06/12/2005,513.8
05/12/2005,512.6
02/12/2005,507.0
01/12/2005,506.3
30/11/2005,498.7
29/11/2005,503.5
28/11/2005,498.3
23/11/2005,492.3
22/11/2005,492.9
21/11/2005,489.5
18/11/2005,486.2
17/11/2005,486.9
16/11/2005,479.1
15/11/2005,469.0
14/11/2005,469.1
11/11/2005,469.4
10/11/2005,467.7
09/11/2005,467.5
08/11/2005,462.3
07/11/2005,460.4
04/11/2005,457.9
03/11/2005,461.9
02/11/2005,464.6
01/11/2005,460.6
31/10/2005,466.9
28/10/2005,474.8
27/10/2005,475.6
26/10/2005,473.0
25/10/2005,474.7
24/10/2005,467.0
21/10/2005,469.1
20/10/2005,463.2
19/10/2005,465.8
18/10/2005,474.6
17/10/2005,476.6
14/10/2005,471.8
13/10/2005,473.8
12/10/2005,476.6
11/10/2005,479.8
10/10/2005,478.0
07/10/2005,477.7
06/10/2005,475.0
05/10/2005,469.3
04/10/2005,469.3
03/10/2005,469.3
30/09/2005,472.3
29/09/2005,475.8
28/09/2005,473.1
27/09/2005,466.2
26/09/2005,469.5
23/09/2005,467.2
22/09/2005,470.3
21/09/2005,472.6
20/09/2005,470.0
19/09/2005,470.4
16/09/2005,463.3
15/09/2005,459.3
14/09/2005,453.7
13/09/2005,450.0
12/09/2005,453.7
09/09/2005,453.0
08/09/2005,450.7
07/09/2005,449.0
06/09/2005,448.6
02/09/2005,448.5
01/09/2005,446.5
31/08/2005,438.1
30/08/2005,435.5
29/08/2005,441.4
26/08/2005,442.1
25/08/2005,443.1
24/08/2005,442.2
23/08/2005,444.3
22/08/2005,443.0
19/08/2005,442.2
18/08/2005,444.7
17/08/2005,445.2
16/08/2005,451.5
15/08/2005,447.6
12/08/2005,451.4
11/08/2005,450.9
10/08/2005,442.0
09/08/2005,439.8
08/08/2005,440.3
05/08/2005,442.8
04/08/2005,443.7
03/08/2005,442.7
02/08/2005,437.7
01/08/2005,437.7
29/07/2005,435.8
28/07/2005,433.3
27/07/2005,424.8
26/07/2005,423.5
25/07/2005,425.9
22/07/2005,425.0
21/07/2005,425.7
20/07/2005,422.1
19/07/2005,420.2
18/07/2005,421.0
15/07/2005,421.3
14/07/2005,420.2
13/07/2005,424.6
12/07/2005,427.1
11/07/2005,426.3
08/07/2005,423.8
07/07/2005,424.2
06/07/2005,424.5
05/07/2005,423.9
01/07/2005,428.8
30/06/2005,437.1
29/06/2005,438.6
28/06/2005,437.7
27/06/2005,441.7
24/06/2005,442.0
23/06/2005,443.2
22/06/2005,439.7
21/06/2005,440.5
20/06/2005,440.0
17/06/2005,440.0
16/06/2005,437.9
15/06/2005,430.9
14/06/2005,429.3
13/06/2005,431.1
10/06/2005,429.3
09/06/2005,426.1
08/06/2005,426.6
07/06/2005,426.7
06/06/2005,428.4
03/06/2005,425.8
02/06/2005,424.8
01/06/2005,417.7
31/05/2005,418.9
27/05/2005,419.8
26/05/2005,418.0
25/05/2005,418.9
24/05/2005,417.7
23/05/2005,416.9
20/05/2005,417.7
19/05/2005,420.8
18/05/2005,421.9
17/05/2005,419.8
16/05/2005,419.3
13/05/2005,420.7
12/05/2005,422.2
11/05/2005,427.9
10/05/2005,427.9
09/05/2005,426.9
06/05/2005,426.9
05/05/2005,430.7
04/05/2005,430.0
03/05/2005,427.7
02/05/2005,430.5
29/04/2005,436.1
28/04/2005,432.4
27/04/2005,434.1
26/04/2005,439.0
25/04/2005,435.8
22/04/2005,435.6
21/04/2005,434.4
20/04/2005,436.7
19/04/2005,434.4
18/04/2005,429.0
15/04/2005,426.5
14/04/2005,425.6
13/04/2005,431.0
12/04/2005,429.3
11/04/2005,430.4
08/04/2005,428.8
07/04/2005,428.4
06/04/2005,429.2
05/04/2005,426.6
04/04/2005,426.0
01/04/2005,428.3
31/03/2005,431.1
30/03/2005,429.5
29/03/2005,426.0
28/03/2005,426.0
24/03/2005,424.8
23/03/2005,425.4
22/03/2005,431.6
21/03/2005,431.4
18/03/2005,439.7
17/03/2005,439.1
16/03/2005,444.2
15/03/2005,441.4
14/03/2005,441.6
11/03/2005,446.8
10/03/2005,443.4
09/03/2005,442.9
08/03/2005,441.1
07/03/2005,435.8
04/03/2005,435.1
03/03/2005,430.8
02/03/2005,433.8
01/03/2005,433.9
28/02/2005,437.6
25/02/2005,436.1
24/02/2005,435.7
23/02/2005,436.1
22/02/2005,435.8
18/02/2005,428.4
17/02/2005,428.6
16/02/2005,426.9
15/02/2005,427.3
14/02/2005,427.3
11/02/2005,422.0
10/02/2005,418.7
09/02/2005,414.5
08/02/2005,414.3
07/02/2005,415.4
04/02/2005,415.9
03/02/2005,418.5
02/02/2005,423.0
01/02/2005,422.9
31/01/2005,424.1
28/01/2005,428.1
27/01/2005,426.3
26/01/2005,426.9
25/01/2005,422.1
24/01/2005,427.1
21/01/2005,426.9
20/01/2005,422.6
19/01/2005,423.3
18/01/2005,423.5
14/01/2005,423.3
13/01/2005,425.1
12/01/2005,426.6
11/01/2005,422.4
10/01/2005,419.7
07/01/2005,419.5
06/01/2005,421.6
05/01/2005,427.3
04/01/2005,429.2
03/01/2005,429.7
30/12/2004,438.4
29/12/2004,437.0
28/12/2004,445.3
27/12/2004,446.2
23/12/2004,442.9
22/12/2004,441.4
21/12/2004,442.9
20/12/2004,443.6
17/12/2004,442.9
16/12/2004,438.2
15/12/2004,442.2
14/12/2004,437.3
13/12/2004,440.3
10/12/2004,435.3
09/12/2004,437.2
08/12/2004,438.7
07/12/2004,453.7
06/12/2004,455.9
03/12/2004,457.8
02/12/2004,452.3
01/12/2004,455.9
30/11/2004,453.2
29/11/2004,455.8
24/11/2004,449.3
23/11/2004,447.9
22/11/2004,449.0
19/11/2004,447.0
18/11/2004,442.9
17/11/2004,445.1
16/11/2004,440.5
15/11/2004,437.3
12/11/2004,438.3
11/11/2004,435.4
10/11/2004,434.5
09/11/2004,436.2
08/11/2004,433.4
05/11/2004,434.3
04/11/2004,430.8
03/11/2004,425.4
02/11/2004,420.8
01/11/2004,428.2
29/10/2004,429.4
28/10/2004,426.1
27/10/2004,425.6
26/10/2004,427.6
25/10/2004,429.9
22/10/2004,425.6
21/10/2004,425.6
20/10/2004,424.8
19/10/2004,421.6
18/10/2004,417.6
15/10/2004,420.1
14/10/2004,419.5
13/10/2004,414.6
12/10/2004,416.6
11/10/2004,423.4
08/10/2004,424.5
07/10/2004,419.5
06/10/2004,420.0
05/10/2004,419.8
04/10/2004,415.6
01/10/2004,421.2
30/09/2004,420.4
29/09/2004,414.7
28/09/2004,414.2
27/09/2004,410.7
24/09/2004,409.7
23/09/2004,412.6
22/09/2004,409.0
21/09/2004,410.1
20/09/2004,407.0
17/09/2004,407.6
16/09/2004,406.5
15/09/2004,406.8
14/09/2004,407.5
13/09/2004,406.0
10/09/2004,403.8
09/09/2004,400.4
08/09/2004,401.4
07/09/2004,399.4
03/09/2004,402.5
02/09/2004,408.0
01/09/2004,410.8
31/08/2004,412.4
30/08/2004,410.0
27/08/2004,405.4
26/08/2004,409.6
25/08/2004,410.0
24/08/2004,405.0
23/08/2004,412.8
20/08/2004,415.5
19/08/2004,409.3
18/08/2004,406.6
17/08/2004,406.7
16/08/2004,405.2
13/08/2004,401.2
12/08/2004,396.6
11/08/2004,397.9
10/08/2004,402.3
09/08/2004,403.0
06/08/2004,402.1
05/08/2004,394.8
04/08/2004,394.7
03/08/2004,396.5
02/08/2004,394.4
30/07/2004,393.7
29/07/2004,389.8
28/07/2004,389.0
27/07/2004,387.0
26/07/2004,390.3
23/07/2004,390.5
22/07/2004,395.3
21/07/2004,397.3
20/07/2004,402.1
19/07/2004,405.8
16/07/2004,406.8
15/07/2004,404.4
14/07/2004,405.6
13/07/2004,402.3
12/07/2004,408.4
09/07/2004,407.9
08/07/2004,408.2
07/07/2004,402.7
06/07/2004,393.0
02/07/2004,398.7
01/07/2004,396.4
30/06/2004,393.0
29/06/2004,392.8
28/06/2004,401.3
25/06/2004,403.2
24/06/2004,403.5
23/06/2004,395.5
22/06/2004,395.5
21/06/2004,394.5
18/06/2004,395.7
17/06/2004,389.5
16/06/2004,385.2
15/06/2004,388.7
14/06/2004,384.2
10/06/2004,386.6
09/06/2004,385.2
08/06/2004,391.8
07/06/2004,394.5
04/06/2004,391.7
03/06/2004,388.9
02/06/2004,392.5
01/06/2004,395.4
28/05/2004,394.9
27/05/2004,394.9
26/05/2004,388.3
25/05/2004,388.4
24/05/2004,385.7
21/05/2004,384.9
20/05/2004,378.5
19/05/2004,383.0
18/05/2004,375.9
17/05/2004,379.6
14/05/2004,377.1
13/05/2004,374.9
12/05/2004,377.7
11/05/2004,377.2
10/05/2004,378.7
07/05/2004,379.1
06/05/2004,388.4
05/05/2004,393.8
04/05/2004,391.8
03/05/2004,387.5
30/04/2004,387.5
29/04/2004,387.1
28/04/2004,385.9
27/04/2004,399.1
26/04/2004,396.6
23/04/2004,395.7
22/04/2004,393.9
21/04/2004,391.4
20/04/2004,398.3
19/04/2004,401.2
16/04/2004,401.6
15/04/2004,398.3
14/04/2004,400.5
13/04/2004,407.7
12/04/2004,420.9
08/04/2004,420.7
07/04/2004,423.7
06/04/2004,419.8
05/04/2004,416.3
02/04/2004,422.5
01/04/2004,428.8
31/03/2004,428.3
30/03/2004,422.8
29/03/2004,417.1
26/03/2004,422.2
25/03/2004,416.9
24/03/2004,417.4
23/03/2004,420.0
22/03/2004,417.6
19/03/2004,412.7
18/03/2004,411.3
17/03/2004,407.1
16/03/2004,402.6
15/03/2004,399.6
12/03/2004,395.6
11/03/2004,401.0
10/03/2004,400.3
09/03/2004,404.5
08/03/2004,400.9
05/03/2004,401.6
04/03/2004,393.2
03/03/2004,392.7
02/03/2004,393.8
01/03/2004,399.6
27/02/2004,396.8
26/02/2004,395.5
25/02/2004,396.1
24/02/2004,404.8
23/02/2004,399.3
20/02/2004,398.0
19/02/2004,410.3
18/02/2004,412.8
17/02/2004,416.5
13/02/2004,410.8
12/02/2004,414.2
11/02/2004,410.7
10/02/2004,407.0
09/02/2004,407.4
06/02/2004,404.2
05/02/2004,398.8
04/02/2004,401.7
03/02/2004,399.9
02/02/2004,399.3
30/01/2004,402.9
29/01/2004,399.4
28/01/2004,414.6
27/01/2004,410.1
26/01/2004,406.7
23/01/2004,408.0
22/01/2004,410.1
21/01/2004,411.2
20/01/2004,412.9
16/01/2004,407.0
15/01/2004,408.7
14/01/2004,422.0
13/01/2004,424.0
12/01/2004,426.6
09/01/2004,426.8
08/01/2004,424.4
07/01/2004,422.3
06/01/2004,423.2
05/01/2004,424.8
